Rainfall,Temperature,Humidity,Crop
202.9355362,20.87974371,82.00274423,rice
226.6555374,21.77046169,80.31964408,rice
263.9642476,23.00445915,82.3207629,rice
242.8640342,26.49109635,80.15836264,rice
262.7173405,20.13017482,81.60487287,rice
251.0549998,23.05804872,83.37011772,rice
271.3248604,22.70883798,82.63941394,rice
241.9741949,20.27774362,82.89408619,rice
230.4462359,24.51588066,83.5352163,rice
221.2091958,23.22397386,83.03322691,rice
264.6148697,26.52723513,81.41753846,rice
250.0832336,23.97898217,81.45061596,rice
284.4364567,26.80079604,80.88684822,rice
185.2773389,24.01497622,82.05687182,rice
209.5869708,25.66585205,80.66385045,rice
231.0863347,24.28209415,80.30025587,rice
276.6552459,21.58711777,82.7883708,rice
206.2611855,23.79391957,80.41817957,rice
224.5550169,21.8652524,80.1923008,rice
291.2986618,23.57943626,83.58760316,rice
185.4974732,21.32504158,80.47476396,rice
231.3843163,25.15745531,83.11713476,rice
213.3560921,21.94766735,80.97384195,rice
233.1075816,21.0525355,82.67839517,rice
224.0581164,23.48381344,81.33265073,rice
257.0038865,25.0756354,80.52389148,rice
271.3586137,26.35927159,84.04403589,rice
260.2634026,24.52922681,80.54498576,rice
240.0810647,20.77576147,84.49774397,rice
197.9791215,22.30157427,80.64416466,rice
272.2017204,21.44653958,84.94375962,rice
200.0882787,22.17931888,80.33127223,rice
224.6757231,24.52783742,82.73685569,rice
270.4417274,20.26707606,81.63895217,rice
233.1321372,25.7354293,83.88266234,rice
193.3473987,26.79533926,82.1480873,rice
272.2999056,26.75754171,81.17734011,rice
285.2493645,23.86330467,83.15250801,rice
298.4018471,21.01944696,82.95221726,rice
257.0343554,24.17298839,83.7287574,rice
248.7183228,22.78133816,82.06719137,rice
209.9001977,25.62980105,83.52842314,rice
200.834898,25.59704938,80.14509262,rice
298.5601175,23.83067496,84.81360127,rice
265.5355937,26.31355498,82.36698992,rice
183.6793207,24.8972823,80.52586088,rice
196.9560008,24.958779,84.47963372,rice
233.0453455,23.24113501,84.59201843,rice
210.8142087,21.66628296,80.70960551,rice
253.7202781,24.63544858,80.41363018,rice
219.9048349,23.43121862,83.06310136,rice
208.5810155,20.0454142,80.3477562,rice
195.0948311,23.85724032,82.22572988,rice
227.3637009,21.97199397,81.89918197,rice
286.5083725,26.22916897,83.83625819,rice
283.9338466,23.44676801,84.79352417,rice
217.3788583,25.65553461,83.47021081,rice
267.9761948,24.44345477,82.45432595,rice
191.9535738,20.2801937,82.1235421,rice
277.9626192,21.7238313,80.2389895,rice
245.1511304,20.41447029,82.20802629,rice
245.6626799,25.75528612,83.51827127,rice
279.5451717,20.61521424,83.77345559,rice
202.3838319,21.84106875,80.72886384,rice
263.6372176,20.08369642,83.29114712,rice
182.5616319,24.45802087,82.74835604,rice
198.6730942,21.14347496,80.33502926,rice
243.5120414,25.78720567,82.11124033,rice
263.1103304,23.64124821,80.28597873,rice
269.5039162,23.43191632,80.56887849,rice
204.8001847,24.97669518,83.891805,rice
260.8875056,22.72791041,82.1706881,rice
295.6094492,24.87300744,82.84022551,rice
192.3197536,21.32376327,83.00320459,rice
257.4914906,26.29465461,84.56919326,rice
278.0791793,22.2286982,81.85872947,rice
280.4044392,26.73072391,81.78596776,rice
185.9461429,24.88921174,81.97927117,rice
194.5766559,26.88444878,81.46033732,rice
200.9133156,22.67846116,83.72874389,rice
182.9043504,26.08867875,80.37979919,rice
195.3574542,25.42977518,82.94682591,rice
223.3671883,26.40323239,81.05635517,rice
186.7536773,26.04371967,84.96907151,rice
220.1156708,25.2827223,80.54372813,rice
231.7364957,22.08576562,83.47038318,rice
242.3170629,23.28617173,81.43321641,rice
182.6549356,25.48591986,81.40633547,rice
233.7034975,23.67575393,81.03569343,rice
230.2242223,20.82477109,84.1341879,rice
290.6793783,26.92995077,81.91411159,rice
241.2013513,23.83509503,83.88387074,rice
218.9163567,26.52872817,80.12267476,rice
248.2256491,26.46428311,83.85642678,rice
256.9964761,22.69657794,82.81088865,rice
194.2651719,22.68319059,83.46358271,rice
295.9248796,21.53346343,82.14004101,rice
287.5766935,21.40865769,83.3293191,rice
183.6222657,26.54348085,84.67353597,rice
188.413665,23.35905428,83.59512273,rice
87.75953857,22.61359953,63.69070564,maize
102.2662445,26.10018422,71.57476937,maize
66.71995467,23.55882094,71.59351368,maize
60.65171481,19.97215954,57.68272924,maize
65.43835393,18.47891261,62.69503871,maize
102.0861694,21.77689322,57.80840636,maize
105.4654703,25.6217169,66.50415474,maize
78.06639649,25.19192419,66.6902901,maize
65.27798457,20.41683147,62.5542482,maize
109.2162279,24.92162194,66.78627406,maize
94.29712821,23.31689124,73.4541537,maize
74.05474936,24.84016732,68.3584573,maize
63.87020584,22.27526694,58.84015925,maize
94.76189431,18.87751445,65.76816093,maize
72.12375573,25.19008683,60.2001687,maize
63.72358154,18.25405352,55.28220433,maize
104.1626147,24.6129118,70.4162444,maize
76.68456006,25.1420613,65.26185135,maize
65.49730729,23.09348056,60.1159381,maize
84.23613484,18.05033737,62.89366992,maize
79.74078719,24.9321581,73.80435276,maize
88.07753741,18.14710054,71.09445342,maize
80.97573281,18.28362235,66.65952796,maize
79.7532896,18.83344471,58.75082029,maize
74.51490791,25.71895816,67.22190688,maize
96.46380213,25.33797709,68.49835977,maize
102.8301942,23.89114571,57.48775781,maize
102.4852929,21.53574127,71.50905983,maize
70.43473609,23.08974909,63.10459626,maize
108.8303762,25.61707368,63.4711755,maize
65.88951188,21.44526922,63.1621551,maize
90.988051,18.51816776,55.53128131,maize
64.40866039,22.53510514,67.99257471,maize
63.03843397,23.02038334,61.89472002,maize
87.9298085,24.89364635,65.61418761,maize
107.4931917,25.77175115,74.089114,maize
60.95197486,19.39851734,62.35750641,maize
109.7515385,21.54156232,59.64024162,maize
91.76337172,23.79746068,74.82913698,maize
94.26249353,18.9802729,74.52600826,maize
71.07562236,24.10859207,73.13112261,maize
76.72860067,24.7947077,70.04556743,maize
69.21803098,21.63162756,60.27766379,maize
101.7004306,25.37548751,57.21025565,maize
106.6213157,22.21738222,72.85462807,maize
66.29390357,20.58314011,69.00128641,maize
91.26056654,24.87502824,68.74248334,maize
109.024141,20.03728219,56.35606753,maize
99.57981207,25.95263264,61.89082199,maize
71.3195307,19.28889933,65.47050802,maize
78.34604471,20.57981887,65.34583901,maize
88.45361858,24.71417533,56.73426469,maize
62.50351892,20.27317074,63.91281869,maize
76.41312437,18.41932981,64.23580251,maize
107.3198135,23.39128187,61.74427165,maize
100.7689246,19.84939404,61.24500053,maize
107.2681929,21.869274,61.91044947,maize
101.5952794,22.8056033,56.50768935,maize
80.72515943,19.0781471,69.02298571,maize
83.73280082,22.02720976,65.35549924,maize
89.9622014,23.80546189,59.24537979,maize
88.10234397,18.52510753,69.0276233,maize
64.77791424,23.50297882,61.32026065,maize
73.33636055,26.54986394,72.89187265,maize
83.21030571,19.29563411,69.63481219,maize
103.651438,20.68899915,59.4375337,maize
84.22969177,19.32666088,68.034493,maize
96.59195302,24.60532218,73.58868502,maize
67.96704792,22.27373646,59.52193158,maize
83.20711308,25.70196694,61.33450447,maize
87.85092352,19.20129357,68.30578978,maize
95.71388473,21.70181447,60.47470519,maize
67.61013737,20.51716779,59.21235483,maize
97.59081274,23.30355338,73.62548442,maize
64.23845455,24.2547451,55.64709899,maize
75.82270467,24.86374934,65.7420046,maize
88.17251033,22.6265115,65.77472881,maize
104.2321615,18.04185513,60.61494304,maize
67.10225139,23.26237612,72.33125523,maize
67.72777298,22.88330922,71.59722446,maize
103.2234212,25.97482359,69.36385721,maize
107.2361366,26.14384005,66.20569924,maize
75.03247667,18.66116213,61.55327249,maize
78.16077693,25.10787449,55.97732754,maize
105.0083144,23.33844615,59.24580604,maize
62.49190812,25.08239719,65.92195844,maize
107.9124111,25.36768364,72.52054555,maize
74.52082026,25.34217103,63.31801994,maize
62.91359494,25.00933355,67.816568,maize
69.93293255,18.66746724,71.516474,maize
108.5054416,20.37999665,63.73849998,maize
78.96159541,18.09300227,72.61024172,maize
79.84925393,26.16985907,71.96246617,maize
93.62039175,18.65396672,61.37879671,maize
85.75692395,26.07470121,59.37147589,maize
82.34162918,18.92851916,72.80086137,maize
108.7603001,23.30546753,63.24648023,maize
70.23401597,18.74826712,62.49878458,maize
65.50861389,19.74213321,59.66263104,maize
98.73771338,25.73044432,70.74739256,maize
88.55123143,17.02498456,16.98861173,chickpea
79.92698081,19.02061277,17.13159126,chickpea
68.54932919,17.88776475,15.40589717,chickpea
88.51048983,18.86805647,15.65809214,chickpea
79.26357665,18.36952567,19.56381041,chickpea
92.68373702,20.45078582,15.40312102,chickpea
74.6631118,20.6543203,16.60820843,chickpea
82.61734721,17.3348681,18.74926979,chickpea
81.84997529,18.17912258,18.90426935,chickpea
81.98568791,18.01272266,18.30968112,chickpea
93.55280105,20.99373558,19.33470387,chickpea
74.58565097,19.46233971,15.22538951,chickpea
78.96514709,19.81344531,14.69765308,chickpea
80.7108745,18.97424756,19.5161216,chickpea
70.18185181,18.19737048,14.71070537,chickpea
71.58010169,18.72963144,19.18197264,chickpea
73.50734019,20.99502153,19.8601304,chickpea
82.52339655,20.28155898,16.39535215,chickpea
66.96980581,17.48042641,15.7559405,chickpea
90.46228334,20.88818675,14.32313811,chickpea
71.31007253,17.08498521,16.14565756,chickpea
85.74904898,20.09340593,15.11279612,chickpea
89.31050665,17.57212145,14.99927489,chickpea
85.52950164,19.12065218,18.43475844,chickpea
72.94940441,18.57665902,19.22008229,chickpea
72.32667516,17.16606398,14.42457525,chickpea
74.87445574,18.2872007,16.67921616,chickpea
94.70992037,19.03025305,18.66725565,chickpea
83.74606679,17.1418614,17.0662427,chickpea
78.92060234,17.47809436,17.93253975,chickpea
83.75937135,20.56601874,14.25803981,chickpea
76.57580954,17.22385224,15.82069268,chickpea
91.76071648,19.69141713,19.44225438,chickpea
76.32470713,17.84851658,19.09172907,chickpea
89.73119396,18.8202251,16.1074793,chickpea
93.35034262,17.47500984,16.54314829,chickpea
81.20176515,18.72649425,17.58406365,chickpea
81.70769297,18.65580107,16.17772668,chickpea
83.74879344,18.2356751,19.68538502,chickpea
77.5429424,18.81198127,15.21618225,chickpea
77.92798682,18.65054116,17.80852431,chickpea
82.2545577,20.36720401,16.89574311,chickpea
70.52056697,18.38120357,16.63805158,chickpea
72.78624223,17.17012591,17.30457712,chickpea
85.24819851,19.37101121,15.77458129,chickpea
85.37378769,17.92845928,14.27327988,chickpea
75.6317566,19.45339934,18.23490739,chickpea
89.61857826,19.12829388,14.92241479,chickpea
75.49101167,19.1034283,17.26184541,chickpea
86.05078037,17.48504075,16.96070581,chickpea
80.25064637,19.40751744,18.98030507,chickpea
78.26039559,20.18649426,19.63719995,chickpea
75.57790384,17.30287885,15.15405941,chickpea
72.9446671,17.50361137,15.48083156,chickpea
90.7760707,18.17234999,14.70085967,chickpea
77.81891424,17.57445618,16.71826572,chickpea
78.06910795,20.93175255,18.91295403,chickpea
85.57925437,19.71098332,17.63879418,chickpea
69.40619137,19.07937684,17.86754927,chickpea
76.32565249,18.54988627,16.02542689,chickpea
80.6405403,18.19903647,17.41333199,chickpea
80.1113384,18.88852533,14.99451145,chickpea
91.94595352,18.49311205,14.72115044,chickpea
87.51312796,19.48974337,17.17260319,chickpea
94.00287214,17.25769499,18.74943955,chickpea
88.4585692,19.62416326,18.71483156,chickpea
84.78344008,20.67526473,19.85388984,chickpea
68.97806542,20.02381489,16.63294455,chickpea
88.68168643,20.1187446,14.44228303,chickpea
65.23811143,20.65691793,15.84572566,chickpea
65.78042032,19.2582557,14.2804191,chickpea
74.63872762,17.927806,15.85622899,chickpea
82.69766829,19.16288268,15.83500655,chickpea
69.64449182,20.26942271,19.96978871,chickpea
87.27444866,17.09104223,18.25142068,chickpea
70.87150577,17.06579293,17.54024066,chickpea
92.06630306,20.62767492,14.44008871,chickpea
79.20509212,20.8248451,17.85057083,chickpea
68.81405149,19.46210401,18.72831993,chickpea
72.85017344,17.18248372,16.42891834,chickpea
79.45758333,17.48911699,16.39055394,chickpea
65.11365631,17.48395377,14.76014523,chickpea
80.4986291,19.48316794,17.44534641,chickpea
73.64476535,19.71359733,18.09665739,chickpea
81.5284269,19.48649305,16.06240074,chickpea
88.6810311,19.95264829,14.82633099,chickpea
68.4951189,19.41789736,16.80472243,chickpea
78.44910564,19.45591848,18.02235902,chickpea
77.33795356,20.19137759,16.41998269,chickpea
94.78189594,18.8392908,14.74071856,chickpea
94.03659867,20.71219282,19.83643308,chickpea
78.69707199,18.99424448,15.9362937,chickpea
69.15759062,19.96837462,15.57324389,chickpea
90.82097601,17.81564548,17.60756635,chickpea
76.77888672,20.71424384,15.27824066,chickpea
67.9545435,17.34150229,18.75626255,chickpea
73.0926704,17.43732714,14.33847406,chickpea
69.09512477,18.89780215,19.76182946,chickpea
89.60982451,18.59190771,14.77959596,chickpea
81.78710463,18.31561493,15.36143547,chickpea
128.256862,17.13692774,20.59541693,kidneybeans
106.3598183,19.63474332,18.90705639,kidneybeans
109.225556,22.91350245,21.33953114,kidneybeans
140.3717815,16.43340342,24.24045875,kidneybeans
76.64128258,22.13974653,23.02251117,kidneybeans
143.0984171,17.84806561,18.77621951,kidneybeans
60.91974792,19.88394011,20.31564139,kidneybeans
104.7783947,19.32509638,23.3334788,kidneybeans
132.9801054,18.4167001,23.42829938,kidneybeans
130.0608093,21.81167649,23.20591245,kidneybeans
143.7630894,19.72702528,18.28173015,kidneybeans
87.99669731,17.15432954,19.87070659,kidneybeans
144.1567454,19.62207826,18.67170854,kidneybeans
134.3649948,21.63149148,21.17919701,kidneybeans
88.06638775,16.06522754,18.72479695,kidneybeans
69.63833855,20.61162204,24.36314135,kidneybeans
116.5206923,21.42451099,20.39659714,kidneybeans
86.21917578,19.07096165,21.21092266,kidneybeans
137.1948633,21.18853178,19.63438599,kidneybeans
108.3684316,23.0429097,22.42610972,kidneybeans
67.71768947,20.65375833,23.10538637,kidneybeans
144.7902323,18.09551014,18.29318436,kidneybeans
69.44951585,18.23775702,21.07643273,kidneybeans
121.9401369,17.48189735,18.8251973,kidneybeans
82.68554379,19.9191786,21.47324158,kidneybeans
139.7521543,20.27514686,23.2353604,kidneybeans
108.3441414,15.77370214,19.2303162,kidneybeans
96.77285817,16.71170642,19.17651433,kidneybeans
100.6711761,17.66148158,18.15302753,kidneybeans
87.0513289,18.50692825,23.61670065,kidneybeans
64.19497947,24.51324787,20.81527638,kidneybeans
105.4120514,18.87614998,24.54038287,kidneybeans
61.13872036,21.59343016,20.31871249,kidneybeans
106.158201,20.12373284,24.45202552,kidneybeans
139.0302034,15.43546065,18.37477907,kidneybeans
122.3886015,22.64236876,21.59396123,kidneybeans
129.5650601,21.98560799,24.87304788,kidneybeans
120.4509288,20.53052663,18.09224048,kidneybeans
95.17028129,15.78601387,21.14544088,kidneybeans
96.65888933,19.6365349,19.68751084,kidneybeans
87.87869161,20.57341244,19.7520218,kidneybeans
138.2362122,20.16080524,24.84207559,kidneybeans
120.6913038,21.53989176,24.25386207,kidneybeans
107.3850593,15.53834801,23.75560241,kidneybeans
108.6434544,19.91853092,20.70099804,kidneybeans
109.0193712,20.76952209,18.93146941,kidneybeans
95.84253438,23.46168338,23.22197648,kidneybeans
60.27552528,24.32116642,21.0278674,kidneybeans
100.0497183,20.12574053,24.96969858,kidneybeans
125.0972687,21.80619564,18.57086554,kidneybeans
113.334026,19.52226241,24.92607153,kidneybeans
103.2926407,17.00067625,19.90790546,kidneybeans
75.45328039,16.78791503,24.96881755,kidneybeans
62.21292186,24.84906168,22.89464642,kidneybeans
98.77794225,16.51783455,20.4555596,kidneybeans
107.6907964,18.15300153,19.38602098,kidneybeans
63.38208822,23.18864385,22.3104551,kidneybeans
87.66898664,23.38002569,21.98879437,kidneybeans
138.414764,18.358923,19.37703396,kidneybeans
94.9533526,19.25975367,20.51346956,kidneybeans
107.7315386,22.95458237,24.03553105,kidneybeans
104.6252153,20.120043,22.89845607,kidneybeans
141.6056722,21.14011423,22.7182355,kidneybeans
62.7089169,24.92360104,18.22590825,kidneybeans
135.3315583,15.33042636,24.91506728,kidneybeans
125.084915,18.81097271,21.27833035,kidneybeans
107.4137246,23.44260668,22.77255917,kidneybeans
63.59276673,22.8352024,18.97267518,kidneybeans
146.4727237,24.9035819,22.27512704,kidneybeans
119.6404412,23.78709569,24.35679348,kidneybeans
126.7265372,22.05592283,19.60379304,kidneybeans
134.1811718,18.87492997,20.18238348,kidneybeans
135.3378033,18.62328774,23.02410338,kidneybeans
100.118612,23.00884744,18.86880997,kidneybeans
68.51253427,19.33162606,24.13995025,kidneybeans
66.97053257,16.24469193,21.35793891,kidneybeans
69.14681022,17.91652287,24.90814655,kidneybeans
88.88796102,15.46789263,21.43780702,kidneybeans
81.83420522,17.06104474,23.77201471,kidneybeans
109.1013261,21.32776028,18.48522915,kidneybeans
81.60211243,23.90910104,20.74619325,kidneybeans
112.6616435,23.89756791,22.74378977,kidneybeans
143.8584938,22.98666928,20.57940608,kidneybeans
146.4548645,21.35135729,22.91244883,kidneybeans
116.7324324,24.1638445,19.27907819,kidneybeans
149.7441028,24.62835037,18.18325169,kidneybeans
124.6118471,21.02213209,24.93896255,kidneybeans
115.199245,17.30844532,20.01730914,kidneybeans
84.64143632,23.82576704,24.75485098,kidneybeans
129.3449326,19.30607278,23.96362799,kidneybeans
130.3900798,16.03768615,22.33195853,kidneybeans
80.15293435,19.18572809,20.83398341,kidneybeans
64.02640797,19.92889503,21.79992115,kidneybeans
139.2921004,19.56376468,24.67385131,kidneybeans
76.14153904,18.31357543,24.32991649,kidneybeans
73.36386477,20.10993761,23.22323766,kidneybeans
100.5978728,23.60506572,21.90539577,kidneybeans
84.06354115,19.73136909,24.89487354,kidneybeans
133.1914419,20.93409877,21.1893007,kidneybeans
104.2570723,18.78226261,20.24768314,kidneybeans
122.6539694,36.51268371,57.92887167,pigeonpeas
163.7266551,36.89163721,62.73178224,pigeonpeas
103.3301803,29.23540524,59.38967583,pigeonpeas
142.3303677,27.33534897,43.35795962,pigeonpeas
184.6226709,21.0643684,55.46985938,pigeonpeas
149.299952,30.33276599,42.35249879,pigeonpeas
147.0361442,31.80130272,45.03186173,pigeonpeas
198.8298806,33.18184225,38.23184742,pigeonpeas
90.05422663,29.38538562,63.47742011,pigeonpeas
127.7767134,30.27374995,67.38680755,pigeonpeas
108.6333046,35.45790488,68.75810535,pigeonpeas
176.6165894,33.80020039,40.03262418,pigeonpeas
96.36222901,28.69180475,49.47225353,pigeonpeas
122.0146733,31.24021696,56.67369054,pigeonpeas
120.7435664,28.98039357,57.23265151,pigeonpeas
96.51524028,27.32198928,34.13737127,pigeonpeas
180.382234,21.47607807,38.80023714,pigeonpeas
107.4721605,18.31910448,34.69776639,pigeonpeas
161.4812963,36.97794384,37.73992903,pigeonpeas
121.5639121,24.80467592,40.1242747,pigeonpeas
194.5921148,19.3479443,55.96805489,pigeonpeas
179.2155874,28.88302142,50.12323801,pigeonpeas
192.4372194,19.54314136,47.19188279,pigeonpeas
114.2821387,24.7741949,50.54621094,pigeonpeas
139.6483317,18.33124824,38.40975482,pigeonpeas
132.7748215,19.14729038,45.3733757,pigeonpeas
186.5008581,28.23416057,49.4421345,pigeonpeas
157.0858232,30.11812084,34.13307843,pigeonpeas
139.6702541,33.4126864,35.42910045,pigeonpeas
177.3377996,24.18553163,46.68746847,pigeonpeas
94.46748008,26.88630675,41.69617915,pigeonpeas
161.7820226,31.33170829,57.97429171,pigeonpeas
108.5090168,33.30711818,67.07780816,pigeonpeas
150.8712202,23.45379018,46.48714759,pigeonpeas
168.5948318,34.53823889,39.04468913,pigeonpeas
197.3752649,19.50112224,34.51086611,pigeonpeas
91.72084869,28.76794904,37.57792132,pigeonpeas
180.716828,30.97758716,32.24914235,pigeonpeas
93.12330644,18.39759147,36.82639309,pigeonpeas
116.9106908,35.09357419,30.98685456,pigeonpeas
159.2649827,34.93174223,30.40046769,pigeonpeas
187.8961851,29.50523036,35.72032498,pigeonpeas
129.0064612,34.51934775,47.52980027,pigeonpeas
147.0414824,28.43430726,52.10010827,pigeonpeas
163.2747473,18.41645629,34.80541039,pigeonpeas
91.31256412,31.07508973,47.19847683,pigeonpeas
195.5697875,20.89342749,46.24856523,pigeonpeas
170.9919828,30.90607799,52.79913039,pigeonpeas
145.3728801,27.9348279,66.45457122,pigeonpeas
136.0456753,35.95176642,36.52780776,pigeonpeas
173.1686574,19.54317155,56.92831399,pigeonpeas
176.4134092,19.63736208,32.31528909,pigeonpeas
129.2028653,31.2192752,56.46868874,pigeonpeas
126.6738117,33.50876355,45.70976142,pigeonpeas
188.4928637,24.80710166,45.01110015,pigeonpeas
191.0658531,36.20970524,31.94550613,pigeonpeas
162.5927723,30.50420876,35.48885969,pigeonpeas
160.3337447,26.01630259,49.94704718,pigeonpeas
100.546816,31.48469278,35.6395615,pigeonpeas
105.0380275,33.15122581,32.45974539,pigeonpeas
192.3023991,23.50222822,51.29019509,pigeonpeas
148.2502786,34.87248659,38.83786012,pigeonpeas
197.1144011,28.09269012,44.93322042,pigeonpeas
118.3606557,24.54757829,57.3414485,pigeonpeas
100.4673278,33.64769646,48.41490082,pigeonpeas
191.0895109,20.5591255,60.54880693,pigeonpeas
195.787103,19.95991719,59.33157782,pigeonpeas
182.2688175,28.87667593,62.4901206,pigeonpeas
159.8938645,36.04353699,43.61444121,pigeonpeas
141.1250722,23.6734328,47.2879691,pigeonpeas
100.7791633,25.74679443,40.7192594,pigeonpeas
175.9303271,31.08564994,66.68832981,pigeonpeas
139.8710041,18.72987676,61.33186249,pigeonpeas
189.5208915,29.50304807,63.46513414,pigeonpeas
137.2279662,20.43517772,39.37252634,pigeonpeas
134.8596466,36.00415838,56.01334416,pigeonpeas
174.5723999,31.46846241,35.39454002,pigeonpeas
101.6073988,36.30049702,56.03021253,pigeonpeas
153.2504506,29.49096726,67.10604388,pigeonpeas
177.5764304,30.5753044,34.75591197,pigeonpeas
91.95792434,24.69487673,59.96669215,pigeonpeas
162.5931264,23.17409556,36.67847052,pigeonpeas
155.3705624,19.04380471,33.10695144,pigeonpeas
165.4113371,29.32379604,45.93248374,pigeonpeas
180.9009998,34.6455408,54.32342534,pigeonpeas
136.8274312,21.9989826,56.31006755,pigeonpeas
159.689339,22.99774444,60.24218572,pigeonpeas
178.8998611,30.55992394,35.29006485,pigeonpeas
165.405354,31.46417866,48.17631461,pigeonpeas
109.1821183,25.95058595,40.58227261,pigeonpeas
185.2039114,21.01142393,69.69141302,pigeonpeas
149.063196,19.25100056,47.70351758,pigeonpeas
180.6465282,19.24462755,50.54495302,pigeonpeas
96.74706956,22.47253208,62.56532471,pigeonpeas
124.6028153,36.75087487,58.25799145,pigeonpeas
198.1403003,29.89286629,66.35375127,pigeonpeas
172.40168,29.37735586,44.82294584,pigeonpeas
186.9226052,29.65052947,42.89833235,pigeonpeas
173.1106982,19.54284889,66.34777265,pigeonpeas
122.4564203,20.04611791,48.93905624,pigeonpeas
32.67891866,27.91095209,64.70930606,mothbeans
36.5037914,27.32220619,51.27868781,mothbeans
36.92629678,28.66024187,59.3189118,mothbeans
72.98016599,29.02955344,61.09387478,mothbeans
32.05025323,27.78031515,54.65030015,mothbeans
71.6266696,31.99928579,54.1077461,mothbeans
73.44775287,27.33580911,55.27755933,mothbeans
66.35634104,28.92952635,53.57014709,mothbeans
36.94255012,27.65472156,58.59986279,mothbeans
61.32935611,28.52396666,55.77264351,mothbeans
53.56783314,31.02215872,45.89239456,mothbeans
67.43488235,25.74095321,45.38497051,mothbeans
44.94317432,31.70447482,56.85420099,mothbeans
34.96933295,24.47876451,58.51663927,mothbeans
74.44330654,31.46511256,51.79939437,mothbeans
53.39249517,25.60973447,50.7330069,mothbeans
68.04039813,30.30260453,47.18283631,mothbeans
45.78172762,28.17489437,43.6672299,mothbeans
74.32635105,25.50634557,44.8302551,mothbeans
32.76742894,31.12896766,43.58788762,mothbeans
35.1051197,26.34043268,55.59160391,mothbeans
72.66666443,28.23494706,61.5620517,mothbeans
48.25207759,27.04453473,49.32609633,mothbeans
40.89732789,25.16125354,55.25435777,mothbeans
32.55919573,27.3179125,51.66921088,mothbeans
31.87416982,25.4123765,49.66474269,mothbeans
53.1205277,31.21629982,46.01868196,mothbeans
62.74803826,30.573999,58.22686794,mothbeans
46.19374559,25.42517036,53.2208266,mothbeans
41.53749535,27.09400578,43.65305437,mothbeans
58.99536268,24.30935081,56.32938343,mothbeans
41.0550915,30.06142622,45.90067655,mothbeans
33.84110759,28.09568993,60.9835384,mothbeans
55.50429227,26.33908791,40.00933429,mothbeans
57.02891698,28.61409059,57.14218792,mothbeans
44.11622138,28.70012137,44.359648,mothbeans
42.24783476,24.21610338,59.79236306,mothbeans
66.1761456,28.50677929,45.20094476,mothbeans
72.19245835,25.97948991,64.95585424,mothbeans
55.053805,30.88482722,41.36561835,mothbeans
65.07981523,25.5042419,61.66852372,mothbeans
38.48678973,25.12528913,51.33189406,mothbeans
62.20279647,27.10508014,63.56791363,mothbeans
70.79934452,31.1006247,44.82069159,mothbeans
64.16167699,26.45707778,56.40226277,mothbeans
31.83192392,30.04132304,63.56222995,mothbeans
50.28438729,27.77799528,54.82130787,mothbeans
58.27600682,30.99256944,43.02151392,mothbeans
36.99362831,26.4908332,47.36534833,mothbeans
64.25520357,31.96987867,57.17377029,mothbeans
55.60523179,25.36140526,46.82652785,mothbeans
48.46797044,25.54249137,56.96640758,mothbeans
70.4713043,28.99319096,62.85948245,mothbeans
34.03335472,29.34317422,60.50320928,mothbeans
68.54877876,28.63618921,61.39451307,mothbeans
52.0810886,24.83206631,44.17085032,mothbeans
57.04826619,25.44689075,58.55363573,mothbeans
63.77192383,31.01274943,62.40392519,mothbeans
60.74583498,27.06179658,52.3003173,mothbeans
71.1271039,27.0956288,42.26206161,mothbeans
64.53027638,28.56800579,57.30636014,mothbeans
40.85534718,28.79929247,49.84213387,mothbeans
69.66289997,27.94293692,45.41393636,mothbeans
61.86633917,30.47757686,61.58245338,mothbeans
64.58559639,30.58139475,50.77148138,mothbeans
44.13827124,26.85911286,41.81420849,mothbeans
35.73403813,26.31051759,61.18749126,mothbeans
33.95825723,28.77833449,44.2252605,mothbeans
71.90018566,28.90245417,43.35365671,mothbeans
38.34303462,29.37687468,57.69622912,mothbeans
59.18953429,24.17093241,58.25204566,mothbeans
36.91852635,26.65333029,59.79023382,mothbeans
52.13580529,28.19912143,53.50567601,mothbeans
55.21606732,28.76488954,52.62741529,mothbeans
40.82840673,29.3499706,61.25353851,mothbeans
36.01203025,28.00937423,52.60950014,mothbeans
34.7426459,26.85851927,48.8246387,mothbeans
53.78769958,31.2123945,40.92604945,mothbeans
46.0203959,24.20422636,61.43378674,mothbeans
52.92929636,29.98835437,49.60384796,mothbeans
45.43669946,29.93964907,54.61813464,mothbeans
68.80141783,31.2119298,41.55934359,mothbeans
43.87801983,26.80474415,48.23991436,mothbeans
64.56807592,31.49398069,62.84916863,mothbeans
38.31597852,30.99694676,46.42693735,mothbeans
50.1978269,29.61253065,63.04749127,mothbeans
44.86052932,29.97604322,57.03184356,mothbeans
55.51932414,30.88883074,52.62696801,mothbeans
35.37493212,30.39321309,60.16299493,mothbeans
30.92014047,30.43683729,55.20522037,mothbeans
32.71129281,25.32688786,63.18180319,mothbeans
33.48919022,30.53684308,59.96664731,mothbeans
47.95406479,30.38257873,40.5926071,mothbeans
35.03404425,24.01825377,53.76623369,mothbeans
65.67591794,28.69841277,61.14754363,mothbeans
42.44054315,29.33743412,49.00323081,mothbeans
70.10472076,27.96583691,61.34900107,mothbeans
63.9187654,24.86803974,48.27531965,mothbeans
38.53254678,25.87682261,45.96341933,mothbeans
32.81296548,31.01963639,49.9767522,mothbeans
54.73367631,27.43329405,87.80507732,mungbean
38.7976407,28.3340432,80.77275974,mungbean
55.296354,27.01470397,84.34262707,mungbean
36.35720652,28.17432665,81.04554836,mungbean
44.75215854,29.87888063,87.32761241,mungbean
42.99498978,29.89232778,89.71503316,mungbean
56.48265193,28.56212158,83.24855855,mungbean
53.01899249,27.53592929,85.5701901,mungbean
41.82490236,29.68361658,87.93598094,mungbean
46.75690086,28.14448546,82.1193047,mungbean
59.87232071,29.53037621,86.73346018,mungbean
44.64407105,27.88352946,86.45147631,mungbean
44.01206619,28.22471276,82.35916228,mungbean
45.91011391,29.008124,84.96089355,mungbean
37.54602719,29.75538903,86.45193297,mungbean
40.77872823,29.78416743,85.16906976,mungbean
42.83053902,27.8640132,80.4513142,mungbean
51.52617423,27.11026483,84.96771717,mungbean
49.11964582,27.11030369,83.64274107,mungbean
57.65901369,28.95451232,89.07866095,mungbean
43.1386631,29.21780035,87.93724219,mungbean
48.54598575,28.7420098,85.81675947,mungbean
56.76278363,29.65021184,80.29868321,mungbean
37.31236904,27.23924995,86.404241,mungbean
56.51103293,28.95172351,81.67085323,mungbean
37.01110438,28.18837136,82.60629652,mungbean
50.47333854,28.30041493,86.20681554,mungbean
57.79863368,27.89636126,88.71782287,mungbean
44.56598352,28.6899851,87.50436797,mungbean
56.68833819,27.8262623,88.73100226,mungbean
59.87065439,28.70562673,81.59200689,mungbean
48.48319335,28.6362812,84.61431076,mungbean
48.56690235,28.28511547,88.4393979,mungbean
43.80041104,27.60887393,86.13316408,mungbean
36.94616965,28.60901145,86.99495766,mungbean
53.43228915,29.24598976,84.80084105,mungbean
50.49913241,28.62911222,89.1148059,mungbean
45.04467075,29.57329479,88.07505524,mungbean
58.37249772,27.82684262,87.16679147,mungbean
40.12044158,29.8757015,83.14796296,mungbean
51.09802625,27.33684386,88.50229102,mungbean
58.86687093,29.83040388,89.30428305,mungbean
56.04995423,28.2753171,82.76020821,mungbean
58.41394143,29.86860065,85.99127934,mungbean
54.96121262,29.5888162,89.9939693,mungbean
49.61865305,28.07219563,82.9116472,mungbean
52.84626009,27.84026517,89.99615558,mungbean
55.03723979,27.10818093,87.4512669,mungbean
54.62243308,27.68515114,81.94268594,mungbean
59.03629954,29.34594634,85.60472562,mungbean
52.93031105,28.36319404,84.8593608,mungbean
56.52558045,27.65280218,89.80650642,mungbean
53.15223123,27.31372793,85.44815232,mungbean
50.46746116,27.06909959,86.89934108,mungbean
39.23831035,28.06642822,85.91625451,mungbean
44.17580911,27.73329078,81.13903037,mungbean
45.48591922,27.53632932,89.92908171,mungbean
56.09542002,29.66461594,84.28187572,mungbean
41.39081525,29.9145443,85.85384444,mungbean
57.99524359,28.36363858,87.59810657,mungbean
43.15411472,29.46416042,87.60890009,mungbean
50.91511275,29.73013036,82.89166381,mungbean
43.78420984,27.46852989,87.17649,mungbean
49.50812624,27.77076285,87.09979549,mungbean
36.45012824,29.12939524,88.48312598,mungbean
37.45680611,27.10606808,89.89593328,mungbean
53.79732545,28.88078945,86.94206817,mungbean
37.44800463,28.14720892,83.8001509,mungbean
54.7960127,29.89129144,80.14487166,mungbean
40.53173216,27.41503453,80.98004661,mungbean
50.9246554,29.27308605,89.4875022,mungbean
56.01913159,29.65296893,88.48587386,mungbean
58.18713162,28.44524991,82.67639542,mungbean
48.9366954,27.96235681,83.97586797,mungbean
42.02483277,29.25649321,81.97952224,mungbean
43.05130077,28.36291385,88.00989267,mungbean
39.26137642,27.62749466,86.49366929,mungbean
50.01534317,28.66086349,86.12194568,mungbean
51.53848218,29.2114218,87.11497805,mungbean
53.35486977,29.40889385,86.16063492,mungbean
36.12042927,28.02952623,84.8845732,mungbean
38.14476781,28.08657178,80.35005927,mungbean
40.16545979,29.16174608,80.28038146,mungbean
50.66487502,29.8596912,80.03499648,mungbean
43.95183726,29.06631494,83.6869203,mungbean
58.29933073,27.38538997,88.66663953,mungbean
43.25095608,27.93034941,85.42058715,mungbean
44.47427436,29.2808618,81.8009244,mungbean
59.84499208,28.9973145,83.78911515,mungbean
43.4826194,27.92678579,86.5543196,mungbean
49.4897245,28.5474135,88.9570454,mungbean
48.30159325,29.36488409,89.1886954,mungbean
41.013132,28.56149805,83.63802195,mungbean
43.12063289,28.43683487,87.91332682,mungbean
44.30070517,28.79728147,80.45744422,mungbean
58.52974279,28.7275267,89.12760359,mungbean
43.25726752,27.95639663,83.52706038,mungbean
37.2464655,28.17458662,83.69659318,mungbean
56.12443206,28.77653519,86.69133979,mungbean
52.55469976,28.438097,83.48991368,mungbean
71.89090748,29.48439992,63.19915325,blackgram
67.15096376,26.73433965,68.13999721,blackgram
70.23207557,26.27274407,62.28814857,blackgram
73.23573601,34.03679184,67.21113844,blackgram
72.49507741,28.03644051,65.06601664,blackgram
62.26242533,28.81460716,65.33538112,blackgram
66.85510868,34.03619494,64.28791388,blackgram
68.02199825,33.8642935,61.57072498,blackgram
73.67166182,32.84213012,68.68401492,blackgram
73.84949872,27.10053268,63.36085585,blackgram
69.28607828,25.65842532,61.18235808,blackgram
64.55882254,32.34744009,66.61452812,blackgram
67.53021213,29.58949031,68.32176769,blackgram
66.63830637,30.91219459,68.79427388,blackgram
70.86340755,28.12787838,64.2097765,blackgram
67.1367443,30.08545364,69.34811988,blackgram
68.97097538,31.74379487,62.51007687,blackgram
69.75555541,27.81326852,62.50460464,blackgram
71.50569456,32.88733849,64.59457409,blackgram
61.91208707,29.36358721,64.98742947,blackgram
74.01229707,27.82592799,67.5861883,blackgram
74.91559514,28.49538735,60.44848407,blackgram
71.78615328,27.74274761,68.53997144,blackgram
63.02473185,30.41588462,67.66323804,blackgram
61.19250859,27.3254209,69.09047809,blackgram
65.62859526,30.28496619,61.69295127,blackgram
63.49726331,28.56840626,61.53278622,blackgram
65.81655892,25.36586097,66.6379724,blackgram
70.1415139,34.9466155,65.26774011,blackgram
74.61649888,25.09737391,67.72837887,blackgram
65.820457,32.47648301,64.34848735,blackgram
69.24464096,33.86351172,68.59232289,blackgram
70.88787207,25.19857725,60.37332688,blackgram
61.46892873,31.77681682,69.01852894,blackgram
64.72797143,34.89814946,63.59948557,blackgram
62.3061735,31.74105409,68.63525428,blackgram
69.85112265,27.16159076,66.76017239,blackgram
73.58663968,26.23773129,67.88521396,blackgram
66.37171179,30.20157245,60.06534859,blackgram
74.86960831,31.55846339,67.83563765,blackgram
65.66436565,29.67892453,69.0854554,blackgram
60.4693835,27.05365239,67.7017527,blackgram
72.43169115,34.63880966,61.38597868,blackgram
63.57445989,33.39438752,62.93692886,blackgram
70.25496749,28.84079155,63.37230676,blackgram
71.48327008,31.49338309,63.0563645,blackgram
63.1830529,25.54960633,63.95425534,blackgram
70.27184748,34.37329112,69.69366426,blackgram
60.41790253,34.6008247,63.11296779,blackgram
72.17818157,29.43463808,64.94329356,blackgram
67.83345933,29.10713092,67.90577375,blackgram
70.0866434,28.57006111,65.71765781,blackgram
69.40878198,27.54384835,69.3478631,blackgram
62.30278274,33.04687968,68.93875631,blackgram
61.16350463,33.95309131,69.96100028,blackgram
71.72980375,30.11873003,60.11680815,blackgram
69.43895491,29.57812712,66.17587668,blackgram
68.91754359,27.26458947,68.01232937,blackgram
63.85668948,31.35730791,64.24992106,blackgram
61.71111448,31.52104732,66.55723677,blackgram
67.47677295,29.39982732,64.25510719,blackgram
65.24194361,29.38400259,64.14928485,blackgram
74.24459122,28.38686534,61.88871127,blackgram
69.5274407,28.47442276,63.53604453,blackgram
71.36947525,30.64095781,61.14508627,blackgram
68.64685069,25.25596239,61.36669662,blackgram
73.44678678,32.97030511,60.18122078,blackgram
67.32520551,33.66855394,66.60416867,blackgram
73.40452716,32.83963757,67.99803573,blackgram
69.46020927,27.45853567,62.90020977,blackgram
74.62068748,25.68576704,69.84354028,blackgram
71.21006868,30.0328403,64.14800537,blackgram
64.32887142,28.20667264,68.27085245,blackgram
63.29900785,28.27265858,61.18956161,blackgram
69.68862306,28.5417236,64.2020154,blackgram
63.51822045,26.87187036,61.61367264,blackgram
64.11411069,32.79766751,68.77994074,blackgram
63.46546487,26.42333018,64.51136845,blackgram
63.02169909,29.79181107,63.38789228,blackgram
72.50669768,27.44003279,67.10464369,blackgram
70.40795007,34.1262979,65.14877461,blackgram
62.78730907,30.94908189,64.23364112,blackgram
73.37686831,28.75751783,61.02701476,blackgram
62.31842057,27.24766491,66.10123083,blackgram
62.2737345,28.63005477,66.770943,blackgram
64.42177127,26.41768321,63.64698302,blackgram
68.83924882,32.81705216,66.15665137,blackgram
71.16331975,29.6321052,65.91359954,blackgram
65.45328463,33.49077065,62.73317204,blackgram
74.22238583,31.86847286,66.74217464,blackgram
71.64631281,30.32992227,65.62971858,blackgram
62.83469851,28.546224,66.31394098,blackgram
66.47264636,30.02629908,67.88811637,blackgram
66.69096751,31.65531175,60.13263713,blackgram
74.16699119,30.33499674,63.54718862,blackgram
64.89517488,33.36984395,65.67718163,blackgram
64.77651469,31.4345059,62.99303471,blackgram
68.56507978,27.71678273,63.29103387,blackgram
61.83876146,32.63918668,61.3009051,blackgram
63.37784443,32.7477393,67.77954584,blackgram
43.35795377,28.05153602,63.49802189,lentil
46.83130119,19.44084326,63.27771461,lentil
46.80452595,29.84823072,60.63872613,lentil
46.6352865,21.36383757,69.92375891,lentil
46.13833007,26.28663931,68.51966729,lentil
53.46622584,22.17499963,62.13873825,lentil
50.89110726,26.57597546,60.97876599,lentil
50.90994463,26.58972517,66.14007674,lentil
36.46946971,19.1345771,62.57526895,lentil
35.15426171,28.75273118,69.15640149,lentil
49.14337177,25.78746268,60.2816298,lentil
52.55730112,23.89271875,61.78779413,lentil
42.96018627,28.67408774,63.18832976,lentil
49.02366803,28.42062847,61.77336343,lentil
41.78219834,21.35499456,62.60136323,lentil
38.71834464,21.12695586,63.18738532,lentil
49.78102578,24.02037872,61.62313345,lentil
51.92057267,25.40474421,65.8567539,lentil
54.9393771,29.03017561,64.49166566,lentil
50.89732989,20.21368219,68.65257685,lentil
44.93261911,29.19585548,68.01965728,lentil
49.39111479,18.29783597,69.6897615,lentil
44.43177543,27.41434987,63.41785982,lentil
48.77790371,24.84063998,60.09116626,lentil
40.37113729,29.94413861,67.31323084,lentil
47.89645224,25.87990287,67.55109024,lentil
46.05333124,20.0467711,65.84395319,lentil
54.49044154,22.99451999,66.70897237,lentil
49.04015558,25.13163619,66.92642362,lentil
53.14531023,28.49584395,62.44616219,lentil
48.60449438,18.28766124,69.48515056,lentil
53.13946695,24.38041875,61.18458224,lentil
45.42616802,21.31852148,66.43934593,lentil
44.07819743,18.54141834,62.70637578,lentil
49.37369982,25.28710601,60.85993533,lentil
41.02682925,25.43459777,69.12613376,lentil
44.08562546,28.83600962,69.76112921,lentil
49.47371773,27.37659643,63.93927841,lentil
45.36521251,28.31886863,60.19461399,lentil
37.81123974,27.4818649,62.04814951,lentil
48.80253285,18.28072173,68.10365387,lentil
42.72374404,27.61204997,69.29786244,lentil
45.40277297,23.43974653,63.22011726,lentil
52.39881209,20.95628486,63.68128841,lentil
49.73922097,23.7937153,68.03209183,lentil
38.30411077,22.6371424,65.44544859,lentil
35.75107592,21.53577883,65.47227704,lentil
44.95654782,29.87854588,65.73085206,lentil
48.33941188,25.2653291,67.10004577,lentil
35.03484812,25.17885316,68.93307305,lentil
44.23629285,24.12192608,61.09533545,lentil
36.18678721,23.33565221,67.40460704,lentil
50.43306085,21.74600081,63.39503184,lentil
54.37814199,27.60195453,63.46170674,lentil
47.26052494,24.388717,62.50453062,lentil
38.21370568,24.98287462,66.895409,lentil
35.36831423,28.234829,69.3159965,lentil
37.11395801,26.03026959,69.55863145,lentil
37.15824966,28.04849594,64.07691942,lentil
48.28137482,24.87425505,64.00213929,lentil
53.40906048,23.97081395,62.35557553,lentil
42.89509057,20.06003985,67.76252583,lentil
41.7704893,19.59221047,61.28633405,lentil
35.69674138,29.77013109,66.29327012,lentil
48.06491307,27.52135365,60.53657684,lentil
45.49683991,25.62896213,63.14909763,lentil
53.31508572,20.39078312,60.47528931,lentil
39.18374505,25.39038396,60.4989659,lentil
42.19740397,24.91079638,60.71367427,lentil
37.46160727,27.70496805,63.20915034,lentil
51.54922825,18.06486101,65.1034354,lentil
50.6128521,18.13027797,62.45851612,lentil
46.90725077,23.82723528,67.89815262,lentil
49.55213308,23.19305333,62.74710773,lentil
41.45486619,25.08966129,68.17543102,lentil
36.68284038,25.86928193,61.88321072,lentil
39.00992137,18.43966037,68.05394959,lentil
52.50812701,27.14911056,67.02664337,lentil
47.01510708,23.33375853,64.50515776,lentil
42.87274897,26.7230014,62.96841833,lentil
53.04669416,19.55750776,64.45268309,lentil
46.48280681,26.13708256,66.7729209,lentil
49.94043064,27.99990346,65.57653373,lentil
36.5011366,29.05941162,62.10652364,lentil
50.17067771,25.71269843,64.1123333,lentil
46.62370222,21.79792649,63.73086065,lentil
53.12442925,24.70626432,60.26854183,lentil
44.23913012,20.94981756,65.8108757,lentil
41.61080544,24.84918386,68.98088448,lentil
36.10211371,21.91041045,65.21662467,lentil
51.02372773,25.93381964,68.70533022,lentil
51.56461082,29.82112112,69.4073209,lentil
45.20841071,27.52185591,63.13215259,lentil
46.10585191,27.99627907,68.6428593,lentil
47.9271552,20.76774783,63.90164154,lentil
52.60285259,23.05276444,60.424786,lentil
38.07659414,21.65845777,63.58337146,lentil
40.8106299,26.25070298,67.62779652,lentil
53.10207889,20.97195263,63.83179889,lentil
40.74536757,23.89736406,66.32102048,lentil
111.9684622,24.55981624,91.63536236,pomegranate
108.0458926,19.65690085,89.93701023,pomegranate
102.5184759,18.78359608,87.4024767,pomegranate
110.2316633,24.1469628,94.5110662,pomegranate
109.3905998,22.44581266,89.90147027,pomegranate
109.4169192,24.96273236,92.40501423,pomegranate
104.8955643,22.5526059,89.3259486,pomegranate
106.9659201,22.77035608,91.45498527,pomegranate
108.0423555,19.20090378,94.27659596,pomegranate
109.3930157,23.12808226,92.68328358,pomegranate
104.7693804,24.92639065,85.19098079,pomegranate
105.7595811,24.77464458,85.63608688,pomegranate
108.3168858,19.8671184,86.35590206,pomegranate
104.5375109,24.26601316,93.7974061,pomegranate
107.6836871,23.62600218,89.73266695,pomegranate
108.5468633,19.67832052,89.08935702,pomegranate
104.8216333,22.36509395,92.30882391,pomegranate
102.8593382,21.57936934,94.88267728,pomegranate
108.0756727,18.26233221,88.16779129,pomegranate
105.6499907,23.71028128,89.61794165,pomegranate
111.6631582,22.48720144,89.9224883,pomegranate
112.4349689,21.6602498,94.79397419,pomegranate
107.3416913,20.13037175,89.31505137,pomegranate
105.1834976,18.41164435,91.11927248,pomegranate
111.2818551,19.68291173,89.75272999,pomegranate
109.0946323,23.20242586,91.19442671,pomegranate
102.8013275,18.92157197,87.31290342,pomegranate
106.8704803,22.10621387,91.34039616,pomegranate
108.4758509,18.47412402,89.68919664,pomegranate
102.860084,19.81069447,88.92944254,pomegranate
103.1969341,24.4880844,90.83687246,pomegranate
111.0196744,18.75927679,89.93457597,pomegranate
104.3739878,19.54128063,90.29751796,pomegranate
111.2800516,18.91251245,87.74938524,pomegranate
104.0277061,19.91330523,94.95031368,pomegranate
108.2287276,19.72620525,89.64934166,pomegranate
111.2232716,23.83185873,87.84034604,pomegranate
103.8799347,24.94467632,94.25702672,pomegranate
104.6735454,24.692258,93.87030088,pomegranate
111.2787584,24.72485577,85.56083187,pomegranate
108.065579,20.12644921,87.59629625,pomegranate
104.7847006,21.02432943,93.0569505,pomegranate
109.8695196,22.40423537,88.1508343,pomegranate
110.9653137,20.33691147,89.38003827,pomegranate
106.9216033,24.24779615,85.56033312,pomegranate
109.2853418,24.81530144,91.90842992,pomegranate
106.0380805,19.66329768,87.95158129,pomegranate
112.459697,22.43377991,90.3396556,pomegranate
110.2437841,22.92052307,85.12912161,pomegranate
106.2817706,22.91843172,85.40695044,pomegranate
107.1951707,24.88244467,89.39686219,pomegranate
105.2240743,23.40981539,93.13277,pomegranate
107.5660804,21.20725375,94.26304717,pomegranate
109.6623974,18.20230419,91.12282162,pomegranate
103.3183074,22.34375696,89.7870345,pomegranate
110.4606459,24.32770134,90.88292835,pomegranate
102.5538035,19.75088482,88.71691157,pomegranate
111.0217929,19.86173586,86.19740917,pomegranate
106.3602023,18.07132963,93.14554876,pomegranate
104.617522,23.89162561,89.61850203,pomegranate
104.991282,23.98598756,93.34236582,pomegranate
103.0295938,20.93892916,85.42912869,pomegranate
109.4429934,20.82210727,87.22815682,pomegranate
106.8685636,20.86474944,91.61793636,pomegranate
111.3779693,24.45840036,86.10874614,pomegranate
105.6209954,24.51147697,90.64498715,pomegranate
110.9633894,24.56811204,92.03009222,pomegranate
110.6956184,24.63228709,89.01574455,pomegranate
103.7084055,20.07386547,90.97819712,pomegranate
102.6488846,21.80523051,94.63612858,pomegranate
110.4432293,22.8122645,86.34233767,pomegranate
104.6843243,22.73031253,88.48567856,pomegranate
111.1382096,23.2801227,94.94330457,pomegranate
105.4766591,19.30106297,87.1775172,pomegranate
108.6793978,19.0087067,88.83768149,pomegranate
105.529185,24.35193812,90.88612388,pomegranate
112.1926517,24.72235539,88.87651295,pomegranate
111.7162016,21.92513945,94.46485312,pomegranate
107.6435771,24.83954414,86.88738076,pomegranate
104.88189,18.09691127,90.42177379,pomegranate
109.2537734,20.24104904,91.08706822,pomegranate
105.6917856,23.22594,94.42971362,pomegranate
106.61905,23.50128217,92.97527546,pomegranate
106.1606833,19.44623085,89.02127045,pomegranate
110.5764023,20.51343484,92.51675903,pomegranate
107.6103211,18.90223032,94.99897537,pomegranate
112.4750941,18.90592319,89.24126808,pomegranate
109.0357597,22.63045168,88.45577158,pomegranate
109.9130984,19.38603815,86.79058496,pomegranate
103.6012114,24.38318965,91.19431555,pomegranate
106.977723,23.77989026,92.93386903,pomegranate
110.0932899,22.59890174,93.16343942,pomegranate
106.128338,24.37766782,85.4017118,pomegranate
104.4407083,20.89273273,91.07776977,pomegranate
107.0050976,18.09903225,85.70786282,pomegranate
112.337046,20.00218987,85.83618191,pomegranate
102.8186358,19.85139326,89.80732335,pomegranate
106.2784673,21.25433607,92.65058936,pomegranate
109.8076178,23.65374106,93.32657504,pomegranate
108.3121789,23.88404783,86.20613842,pomegranate
92.82840911,29.36792366,76.24900101,banana
101.0494791,27.33368994,83.67675197,banana
104.9378,27.40053601,82.96221306,banana
90.10978128,29.3159075,80.11585705,banana
113.2297373,26.05433004,79.39654531,banana
114.5357503,25.86632408,84.42379269,banana
97.32531705,27.00932084,80.18546798,banana
99.34482238,29.55054817,78.06762846,banana
113.8729798,26.28845991,83.390039,banana
100.0075679,29.16226551,76.16151562,banana
98.75084366,28.65003945,82.68752542,banana
100.1692639,29.07311132,76.50045221,banana
118.2761894,28.08166093,75.26429821,banana
99.72430835,27.1994597,78.8086068,banana
108.3957179,28.05484146,78.04602887,banana
98.66679427,25.14748006,83.34688193,banana
119.84797,25.94019018,78.3422098,banana
108.66464,27.66752761,79.68542782,banana
102.7867717,25.56703012,75.94067692,banana
116.1616839,28.6956201,82.54195839,banana
118.6858263,26.33544853,76.8532006,banana
98.21747528,25.93730186,78.89864446,banana
91.46442491,25.13686519,84.88394407,banana
105.0776992,27.50527651,80.79783998,banana
112.0700033,26.21009246,82.34429458,banana
92.07835761,29.10403455,79.19588629,banana
90.66727868,29.2440638,77.32017166,banana
93.10247183,25.56202173,77.38229006,banana
98.16752001,26.3985515,81.36028902,banana
109.5408614,28.09577643,77.79586769,banana
117.2878912,27.84767901,83.31110751,banana
94.31102057,27.39341554,81.4654833,banana
119.218154,25.14517635,81.38204104,banana
102.4633775,28.65456263,79.28693687,banana
109.575944,29.16093424,76.67484233,banana
91.34276507,27.57278064,82.0638878,banana
112.9794804,25.40909896,82.36208097,banana
112.0777152,25.99069521,83.33983116,banana
118.6730366,26.29039046,81.06003778,banana
117.536781,29.14827211,78.71024836,banana
107.3944717,26.59743595,79.35898915,banana
116.5531455,25.36059237,75.03193255,banana
112.3982055,29.12036889,80.18080728,banana
110.3262123,27.53911354,77.25629897,banana
110.2511102,29.66727337,83.51014178,banana
110.4408803,25.05802193,84.97323747,banana
116.3019555,25.86824781,78.52399914,banana
119.0856171,25.85036988,81.95580471,banana
108.8547508,26.51682337,77.79913575,banana
118.2583441,28.66725136,79.59242542,banana
91.40508414,28.14938935,81.54448882,banana
95.12322062,26.42313317,83.6995044,banana
109.9825551,26.59386409,81.40740301,banana
102.2099836,27.71822477,76.57853189,banana
109.022564,28.98333432,82.95958244,banana
117.229079,29.42017919,83.96754496,banana
112.1355384,27.39872329,81.10523402,banana
111.0162259,26.4020227,84.41007614,banana
99.20961514,27.81251452,82.69285419,banana
115.8586081,25.19640218,83.55829874,banana
119.695765,28.31193338,75.77363772,banana
110.10323,25.90113128,80.47152737,banana
109.2768851,27.48612983,76.11239849,banana
109.2486647,29.38254012,83.50423735,banana
108.8616474,29.22118628,81.08183635,banana
110.1331182,27.09062164,81.33506906,banana
104.4812858,26.12643374,81.81365007,banana
90.43495443,29.01207743,77.95192527,banana
119.4765557,27.96799119,79.28625709,banana
118.9923573,28.0764455,76.05522115,banana
90.94554618,25.16278237,84.97849241,banana
114.2005455,25.78749808,84.51194224,banana
91.06493353,25.34119774,84.47321314,banana
96.45042585,29.44795403,78.34971537,banana
113.1161095,26.47522633,78.51833782,banana
92.78133617,27.39489579,83.31172003,banana
94.32961456,25.08347445,80.261731,banana
91.73358569,26.6719835,76.48541655,banana
100.6619171,25.44926208,79.49221962,banana
98.00403016,28.22776705,80.6430384,banana
103.5045395,28.1279509,77.48247073,banana
95.83016448,28.9470467,82.1888998,banana
97.55986676,27.96236771,84.15403614,banana
94.68180316,28.00316034,78.90085998,banana
90.45142867,29.1400919,80.1190228,banana
90.24211529,27.9122104,83.36307683,banana
96.47800391,25.43480512,81.53977797,banana
111.0843029,28.55980972,84.51602322,banana
100.5123341,26.59580783,82.99556744,banana
99.46950465,27.19711623,77.3970629,banana
105.4220251,25.29391516,79.29122198,banana
91.99964712,29.90888522,76.98740841,banana
109.0921631,27.94972463,76.63713353,banana
108.3690513,25.01018457,78.76260938,banana
108.5501443,29.21144871,84.70189923,banana
90.81250457,27.35911627,84.54625006,banana
103.7040783,28.0106804,76.52808057,banana
94.37987496,28.67208915,82.20793613,banana
92.15524332,27.34585147,78.4873835,banana
98.12565829,29.50704598,78.20585613,banana
90.09586854,29.73770045,47.54885174,mango
98.67527561,33.55695561,53.72979826,mango
95.85118326,27.00315545,47.67525434,mango
95.70525913,33.56150184,45.53556603,mango
92.19721736,35.89855625,54.25964196,mango
98.00687989,34.17719782,50.62161586,mango
97.72843182,30.01592643,53.19212381,mango
93.75441586,31.74592134,45.16127859,mango
95.3713484,35.99009679,52.22780489,mango
98.46768642,31.86641378,52.19331595,mango
94.11213345,27.75518664,52.34605806,mango
97.31258083,34.72413192,51.4271781,mango
99.35408185,27.53907547,53.63549533,mango
89.85646496,27.69637763,48.5622488,mango
91.87312479,27.25373364,52.66319725,mango
94.42850522,30.33723921,48.88704844,mango
91.55845821,31.85744939,45.53106268,mango
97.41054011,35.39986338,49.45962621,mango
95.74606104,29.80747243,52.13797867,mango
98.33351125,34.16438906,54.16482251,mango
99.9834242,28.93270187,47.94053996,mango
99.61465679,27.98392787,53.33018851,mango
94.62954663,31.20478173,54.49960506,mango
98.63333684,32.13409675,50.52559148,mango
97.01331604,28.91862016,48.13974548,mango
90.28624348,31.09779147,47.41196659,mango
90.65022183,34.73823882,49.08864345,mango
91.82271568,29.98080499,49.48613279,mango
90.82549241,33.80398664,46.12866113,mango
92.09609766,30.07202564,50.96040505,mango
100.2585673,27.92063282,51.77965917,mango
92.99739415,31.40948821,49.21729127,mango
100.2160615,35.7877738,51.94190321,mango
98.81596545,33.36140093,45.02236377,mango
98.00644238,35.96054636,48.69677802,mango
91.67241761,28.33333307,51.39586505,mango
95.99487068,32.27652024,50.19368841,mango
97.38741498,31.99490489,50.84881347,mango
95.8445641,27.58258929,48.56916221,mango
100.8124659,29.38471637,45.88744691,mango
90.21633216,32.38697531,53.2328243,mango
90.14047759,30.91471455,49.92963856,mango
97.41586402,35.37775595,45.58110023,mango
93.36718816,32.32362177,52.5896771,mango
97.76832322,28.22373428,47.40519056,mango
95.257992,27.27433181,47.16808054,mango
92.37238878,27.10710832,50.70880979,mango
91.63074547,34.89226666,48.75613373,mango
92.26439205,33.7462686,48.50387598,mango
96.27792547,27.3511056,54.43945147,mango
94.49161372,32.89300162,52.61323969,mango
90.29643888,35.38598705,51.42664176,mango
90.40332704,27.5529736,47.90859131,mango
90.89173106,32.82141065,47.45553843,mango
95.23444287,30.17294105,51.0845903,mango
100.7586226,29.26382931,54.82257868,mango
96.59816497,32.06097197,51.08494181,mango
99.642454,28.69818144,47.71875722,mango
97.55155537,29.14305008,49.40983294,mango
90.40260445,28.3471611,53.53903102,mango
92.84991507,27.67256197,45.41692012,mango
93.30247448,28.1218093,46.16888595,mango
92.21318555,30.79375683,46.69536813,mango
94.76322976,28.89409382,54.80750249,mango
98.28583013,33.33024826,45.61143594,mango
91.01152997,27.78912455,53.96886679,mango
91.09745581,31.65333432,48.20662669,mango
91.405983,29.75150773,46.73723302,mango
89.78216168,31.32995611,50.22287593,mango
97.51952041,35.63627319,48.97047762,mango
89.98024312,31.66524687,51.98594645,mango
95.94035356,32.26935342,53.56092806,mango
95.89898581,27.81005614,51.59445462,mango
100.3060719,34.58561471,50.34035336,mango
89.74409017,31.27180992,52.23810152,mango
97.4611918,33.93679864,52.72170281,mango
91.46664318,31.09154239,47.02058367,mango
89.59371481,31.89356292,49.02450149,mango
95.04871605,32.45465292,50.69693751,mango
97.79072474,35.47478322,47.97230503,mango
93.53197359,27.32961444,49.30347234,mango
91.77522598,30.90225239,49.95955487,mango
96.23520043,29.09382275,45.5661059,mango
96.63721027,30.02086169,46.78393776,mango
96.38808001,34.13072188,51.25786185,mango
98.05089394,33.44619894,53.05980465,mango
91.22881052,35.3915464,52.48823147,mango
98.57025046,31.53356352,53.06009323,mango
90.38503469,30.7645515,47.93791463,mango
96.08745082,30.01821337,50.0983181,mango
94.67344737,31.32863689,47.59319575,mango
89.29147581,33.88004781,54.39416048,mango
97.45373619,28.07802689,54.9640534,mango
91.54560427,35.53845018,52.94641947,mango
95.8946444,28.70595247,50.44030129,mango
93.17221967,31.48451729,48.77926304,mango
100.7720705,27.69819273,51.41593238,mango
93.92375879,30.41235793,52.48100602,mango
91.88766069,32.17752026,54.01352682,mango
91.10190759,32.6112614,47.74916499,mango
67.12534492,29.99677232,81.54156612,grapes
68.38135469,30.7280404,82.42614055,grapes
68.73932528,32.44577836,83.88504863,grapes
66.83872293,37.46566825,80.65968681,grapes
65.34440794,22.03296178,83.74372787,grapes
70.39906054,39.64851881,82.21079946,grapes
66.76285469,16.77557314,82.75241875,grapes
69.63122027,12.14190714,83.56812483,grapes
66.77844567,12.7567962,81.62497448,grapes
73.88467027,39.04071989,80.18393287,grapes
74.91506217,39.70772192,82.68593454,grapes
66.02765219,9.467960445,82.29335466,grapes
68.06417307,29.58748357,80.91934392,grapes
65.84748763,17.82803682,80.96093443,grapes
67.235765,8.825674745,82.89753705,grapes
73.02882766,27.83487131,83.51444973,grapes
68.23963161,11.02105378,80.55557235,grapes
71.4065452,17.5862944,80.84806564,grapes
69.66256816,19.89363946,82.73366439,grapes
65.52279323,29.93707596,81.77713468,grapes
72.24230804,36.73126647,80.58931938,grapes
66.93065667,20.42094753,81.54185044,grapes
69.17281221,25.51939719,83.98351748,grapes
70.08200379,30.50734778,82.71775569,grapes
69.75734306,18.4269936,80.55625868,grapes
68.66813363,12.087022,83.59398734,grapes
73.23901752,23.60115364,82.48336987,grapes
67.10439401,12.80000387,81.20876367,grapes
65.70148216,38.06099482,82.24729637,grapes
69.30772897,39.06555518,82.03812973,grapes
74.53557341,33.78372897,81.16314317,grapes
73.28712806,16.76201707,82.00335557,grapes
66.53946559,35.89307536,82.66850729,grapes
66.38448261,21.01245395,81.17931863,grapes
68.69420397,10.89875873,80.01639435,grapes
71.55665483,16.36251869,83.00471609,grapes
71.06611222,20.28370163,81.32235739,grapes
73.01026829,25.11108456,83.25447587,grapes
67.92204319,33.4641162,83.86742974,grapes
65.06962486,11.7976469,80.86325389,grapes
71.18289431,11.36300891,80.03100049,grapes
67.03840888,25.23542319,80.68700527,grapes
74.40198861,15.99050693,81.23966573,grapes
65.3973168,22.4359017,80.18612085,grapes
65.70430027,34.76086052,81.03544763,grapes
71.43001582,31.11047251,83.34010951,grapes
73.34232097,28.57828803,80.95628959,grapes
68.68895899,41.18664903,81.01783402,grapes
70.95666003,27.02766138,83.17093908,grapes
74.62834921,21.19339319,82.33098331,grapes
67.3917379,10.38004759,83.44518113,grapes
65.01095312,31.3115978,82.56407013,grapes
71.29813872,20.46657776,80.97598029,grapes
66.13442813,29.36947679,81.53996362,grapes
65.2982112,10.72302459,80.02130636,grapes
71.63437433,14.97846952,80.49979873,grapes
71.60102999,15.3246651,81.67215994,grapes
73.55807954,18.73932187,81.12109244,grapes
67.15094741,19.3642553,83.36094029,grapes
65.90227462,41.20733624,81.61051026,grapes
70.68098614,33.34214482,82.51034633,grapes
67.2739864,23.81995682,80.12211649,grapes
74.03030056,40.66012294,81.24995984,grapes
74.10225057,11.82768186,80.2827185,grapes
65.80006004,13.28504331,83.54193816,grapes
73.67984885,35.83089092,83.32560104,grapes
66.05911698,26.18159716,81.03886263,grapes
69.706113,24.57558351,80.70695797,grapes
66.48490371,29.67229086,83.71498986,grapes
74.08101744,39.37102553,81.25353895,grapes
69.8671263,17.66558428,82.92903419,grapes
69.81855775,24.06679352,82.66396666,grapes
74.82144653,15.31413469,80.09711412,grapes
69.39630398,21.77466746,80.54942557,grapes
69.30927185,26.91624843,80.76838926,grapes
74.19664838,41.65602996,82.22118237,grapes
72.37127689,17.98667801,81.17712085,grapes
68.8503047,29.12033769,82.79092939,grapes
71.03001556,34.38922481,83.18392806,grapes
69.92107482,41.36106301,82.79782954,grapes
69.71518491,35.12158265,82.26890793,grapes
73.69529586,19.6491772,80.15215777,grapes
66.57462809,16.27852801,82.94270065,grapes
69.27779761,21.11903604,80.63399198,grapes
66.83113717,19.2077707,82.9042841,grapes
70.31782647,25.96308415,82.57813624,grapes
74.10919422,25.67385024,81.6212135,grapes
73.06862952,41.94865736,81.15595212,grapes
66.34234944,11.18994268,80.8084305,grapes
73.77063744,17.5438296,82.94703302,grapes
70.75633584,13.05809741,80.28297993,grapes
74.46411148,9.724457611,83.74765639,grapes
69.92092839,27.92004934,82.93262435,grapes
69.44115171,9.535585543,80.73112694,grapes
71.40043037,13.42988625,80.06633966,grapes
68.42802444,9.851242629,80.22631717,grapes
66.70016285,24.97256132,82.72828653,grapes
70.42508897,27.23708304,82.94573346,grapes
66.5964488,18.70679077,83.4795292,grapes
66.00817551,9.949929082,82.55138983,grapes
53.65742581,26.47330219,80.92254421,watermelon
46.87420883,25.18780042,83.44621709,watermelon
57.04147057,25.29954705,81.77527562,watermelon
57.95826144,24.74631269,88.30866319,watermelon
41.87540028,26.58740671,81.32563243,watermelon
49.11618732,24.53442564,88.989272,watermelon
57.79652846,26.0713757,88.7285657,watermelon
59.46338556,25.96534238,89.77076659,watermelon
54.60159289,26.22338015,85.34866045,watermelon
44.07843475,24.41311871,89.81574032,watermelon
57.72799157,26.49195283,80.04678201,watermelon
53.78929956,24.04355803,84.18406764,watermelon
57.57343233,25.5421695,83.31883376,watermelon
40.794305,26.74550678,83.9195902,watermelon
43.08961827,25.7131428,80.22972777,watermelon
44.22066914,25.76484262,84.1726996,watermelon
57.74091817,26.79489868,89.64815231,watermelon
57.44942094,24.9004602,89.73524177,watermelon
58.79889057,26.80750629,88.22874955,watermelon
44.20656987,25.11189154,80.02621335,watermelon
59.65590798,26.2148837,87.6883982,watermelon
49.48575692,24.9103226,86.97190046,watermelon
56.45229202,25.79448878,84.26830701,watermelon
40.12650421,25.26931156,87.55055105,watermelon
46.05122728,25.76402693,87.5931128,watermelon
46.85176955,25.85483596,89.13163965,watermelon
48.32113628,24.33528185,81.44030363,watermelon
57.23028471,25.37601283,80.99313508,watermelon
55.29563514,24.86094646,85.05318563,watermelon
48.45978627,24.71885473,88.94568335,watermelon
48.01138482,24.21495706,84.20576992,watermelon
54.82963379,25.81692236,82.043255,watermelon
57.26773002,24.47018505,84.16390229,watermelon
51.19470197,24.13078816,84.84494575,watermelon
49.43050977,26.1793464,86.52258079,watermelon
53.33484977,26.17668721,86.7295205,watermelon
44.3993381,26.03867719,84.6378378,watermelon
54.30660782,26.53259325,82.39053979,watermelon
46.06193778,26.81938687,87.8274604,watermelon
48.47833278,25.50405534,81.40297428,watermelon
56.47941847,26.20234499,80.38266489,watermelon
43.52897517,25.13735887,89.28272716,watermelon
42.10681516,25.92030221,83.47202566,watermelon
57.40847165,26.6634609,89.98405233,watermelon
51.75212401,24.06731461,81.64075303,watermelon
57.05709413,24.6774157,82.75411437,watermelon
58.48160844,26.11440416,87.64081095,watermelon
55.74073582,26.81530456,87.65694462,watermelon
55.49541453,25.15623099,80.27525115,watermelon
49.29456609,25.2801372,83.15393658,watermelon
49.08553937,26.22005978,80.90127035,watermelon
50.55710813,24.92093261,80.61750795,watermelon
54.65423596,26.21667586,81.01009354,watermelon
51.70497792,26.81383586,87.21986949,watermelon
48.11248366,24.31334971,87.47409052,watermelon
51.26046418,24.29105004,88.04541346,watermelon
48.58241822,24.42998931,86.33904774,watermelon
54.22722466,25.66576039,88.6984228,watermelon
56.39962921,25.07803672,83.46230461,watermelon
51.70699144,24.88910524,85.87059083,watermelon
56.34144589,25.42900869,82.91481799,watermelon
44.63907691,24.37118217,87.1269128,watermelon
46.06382209,26.4930645,88.59143088,watermelon
45.24690619,25.83202912,89.00481725,watermelon
40.32161859,24.41592661,89.39655519,watermelon
44.20899581,24.37190239,81.2514818,watermelon
54.7657624,24.24782473,83.03687902,watermelon
48.31219031,24.64458469,85.49938185,watermelon
53.14626213,24.89681131,86.10782926,watermelon
49.52320689,25.41864024,81.12122989,watermelon
58.97878791,26.26028739,86.14585891,watermelon
46.59207341,24.90123934,87.20772913,watermelon
59.67927244,24.84740848,89.20454622,watermelon
42.91292205,26.98212846,86.70068316,watermelon
59.75980023,26.90435747,86.25426228,watermelon
41.16554802,25.86475496,86.67468041,watermelon
51.51033554,26.70607759,81.14149505,watermelon
47.81847573,26.44019475,80.91934337,watermelon
50.78669728,26.283443,84.42478917,watermelon
40.228644,26.84366082,83.85039964,watermelon
43.87712348,26.03967219,83.9862443,watermelon
48.75859458,24.92994759,85.00802358,watermelon
44.2068997,25.50736962,84.24340241,watermelon
57.51549686,25.4438391,87.9392312,watermelon
40.71210074,26.12588914,86.5507939,watermelon
59.26519444,25.10474753,87.5267616,watermelon
54.38748495,26.27520631,86.63249555,watermelon
46.76837499,26.27061608,83.09194521,watermelon
47.46447019,26.73690828,87.82430156,watermelon
56.72496677,25.04746944,85.5667282,watermelon
48.99390828,24.69368934,85.56967628,watermelon
42.00660251,24.54356968,84.60808277,watermelon
54.49960057,25.89762315,81.96664832,watermelon
56.31866159,26.6333118,84.31756844,watermelon
47.72078245,25.35794749,80.45846265,watermelon
58.28697664,25.28784623,89.63667876,watermelon
48.32428609,26.63838589,84.69546874,watermelon
41.53218699,25.3310446,84.30533791,watermelon
43.97193745,26.89750174,83.89241484,watermelon
58.54876687,26.98603693,89.4138489,watermelon
28.08253201,27.57826922,94.11878202,muskmelon
26.32405487,27.82054812,93.03555162,muskmelon
22.52497327,29.09910406,94.22237826,muskmelon
20.76223014,28.04943594,90.83130708,muskmelon
28.16057247,29.91690582,94.55695552,muskmelon
26.26243014,29.86895762,93.25103208,muskmelon
21.30290472,29.17220859,92.21405224,muskmelon
25.93496537,29.24908541,90.06998135,muskmelon
25.21609113,27.76317235,90.35567642,muskmelon
26.23838511,28.82629037,94.26765349,muskmelon
29.86681385,28.52379742,92.09688432,muskmelon
29.1194739,29.06785065,90.97685539,muskmelon
25.33014238,29.08417927,90.73891887,muskmelon
21.08484101,28.47090661,94.79453182,muskmelon
21.58992507,28.27973674,90.38971208,muskmelon
20.88620369,28.47212559,91.21322065,muskmelon
26.83924845,29.68846716,94.30111601,muskmelon
21.26034986,27.02415146,91.66737633,muskmelon
26.70581328,29.09588297,94.16748386,muskmelon
29.1102594,29.69238699,92.58862544,muskmelon
28.78654515,28.20619412,92.86798698,muskmelon
23.66620626,29.05248036,93.92217834,muskmelon
27.56918621,29.57240298,93.61870344,muskmelon
27.95602304,29.10968327,92.43510994,muskmelon
20.36001144,28.20480805,92.91440379,muskmelon
24.52020164,29.11858526,92.12543021,muskmelon
23.69586761,29.62800691,90.10051615,muskmelon
22.68766503,29.81196601,90.36881284,muskmelon
22.81863447,27.72338349,90.93897939,muskmelon
28.70627683,29.26092798,92.92367701,muskmelon
26.52364146,29.72791119,94.29753295,muskmelon
23.44398467,28.91105641,90.78413842,muskmelon
23.56130173,28.96361426,93.88482153,muskmelon
29.44008034,28.59052369,91.33617236,muskmelon
28.69113835,27.33897716,90.69759008,muskmelon
25.37828397,29.90415889,90.75284363,muskmelon
21.7508774,27.42711692,90.02696201,muskmelon
28.36535596,29.55657523,90.70937262,muskmelon
23.28207838,29.84070774,93.76312893,muskmelon
25.1290048,28.53545677,91.72742702,muskmelon
26.51924782,27.11535046,94.86907886,muskmelon
26.47844429,27.84492803,91.60666594,muskmelon
24.93861254,29.03157242,91.82172592,muskmelon
21.19014526,27.82424457,90.56698742,muskmelon
20.21126747,27.72653142,92.00687531,muskmelon
22.21807088,28.69708334,94.30759855,muskmelon
20.49035619,29.73019662,90.97015715,muskmelon
21.9653077,29.54097171,92.91778307,muskmelon
25.16359891,28.80311922,91.78336933,muskmelon
23.49535234,27.29035669,90.53330091,muskmelon
27.27899847,27.46583649,94.87679041,muskmelon
26.30820876,29.49401389,94.72981338,muskmelon
26.85422624,27.79161808,92.51054946,muskmelon
21.90440445,29.12533739,91.52291141,muskmelon
20.66127836,27.93114233,93.56161439,muskmelon
20.76212031,29.45771748,92.12534736,muskmelon
28.94766949,27.96872279,92.17444796,muskmelon
26.01909355,29.48882958,91.07574233,muskmelon
28.75226067,29.47156259,90.77069618,muskmelon
24.4514648,27.0767265,90.14362622,muskmelon
25.09484511,27.30008597,90.80015308,muskmelon
22.84203589,29.82729394,90.79007335,muskmelon
24.34814338,29.93061247,93.22980899,muskmelon
20.39020503,29.94349168,93.90741192,muskmelon
21.17924769,28.03306461,91.47355778,muskmelon
21.0000988,29.8843055,94.0371147,muskmelon
22.06207161,27.7058373,92.91185695,muskmelon
27.8659442,29.78714005,94.65343534,muskmelon
27.5987178,28.57819995,92.86597437,muskmelon
26.0365768,29.48069921,90.33698678,muskmelon
21.01796432,27.51492243,94.96218673,muskmelon
21.84869328,28.05457761,94.81637388,muskmelon
24.15591199,29.03167341,93.12603235,muskmelon
26.88372572,28.5854649,91.89216849,muskmelon
25.32159689,27.08808014,93.42402083,muskmelon
21.61893763,27.99611732,90.84660317,muskmelon
24.05207925,27.87317436,91.14849627,muskmelon
22.25838137,28.96586565,90.71832938,muskmelon
24.44267592,28.87726019,92.48839665,muskmelon
22.06994464,29.17052093,94.19790371,muskmelon
21.44532907,29.34033587,90.01506395,muskmelon
28.83568362,29.07265321,91.91533173,muskmelon
29.11187663,28.68275966,92.50969311,muskmelon
23.20076686,28.92705913,91.39356832,muskmelon
23.28618248,27.99901833,91.64193051,muskmelon
24.84266123,27.59350075,91.79742953,muskmelon
24.69720481,29.87331077,90.60932469,muskmelon
27.26588346,28.55852465,90.45773041,muskmelon
26.48240255,29.19378695,91.46241065,muskmelon
27.14509034,27.98780984,92.78226196,muskmelon
20.76582087,28.05380704,91.81758779,muskmelon
27.21244021,27.3506296,94.2911951,muskmelon
28.22908103,29.34081108,94.5513539,muskmelon
28.98574189,28.61475136,94.22253035,muskmelon
25.08146686,27.04863538,91.34685096,muskmelon
21.13545688,29.5275305,94.57459443,muskmelon
24.20007242,28.50416396,93.46806467,muskmelon
23.0362503,28.89578588,94.78993038,muskmelon
23.65747461,27.04927452,91.3821731,muskmelon
24.7458198,28.96017885,91.69532178,muskmelon
110.4317855,22.75088787,90.69489172,apple
114.0512495,23.8494014,94.34814995,apple
116.0396587,22.60800988,94.58900601,apple
122.233323,21.18667419,91.13435689,apple
116.0777931,23.41044706,91.69913296,apple
117.7296726,22.86006627,93.12859895,apple
105.5473627,22.48403042,93.40819246,apple
121.1349176,22.02775403,92.96129462,apple
117.0761277,21.91191314,91.68748063,apple
112.6676589,23.71059131,93.27392415,apple
106.1417017,21.37784654,92.72043743,apple
123.5977843,22.84852833,94.32130209,apple
108.183792,23.1094265,92.79630809,apple
105.3558408,23.25230817,94.54128292,apple
104.2298028,23.67287749,90.4935574,apple
102.2648546,23.76881552,90.59810302,apple
104.4267991,23.34386401,91.47684705,apple
108.3405879,22.63946441,90.18451645,apple
114.8407725,22.45696744,94.76285385,apple
104.6472986,22.96388477,93.58065995,apple
107.8737015,21.07273439,93.56585985,apple
121.4977331,22.44075021,92.70785115,apple
109.8852597,22.71271308,90.45261746,apple
115.1781396,21.70416965,93.44006288,apple
119.1025189,22.43324518,92.48667725,apple
109.0658471,21.25941052,92.84416234,apple
105.6941544,22.9215706,94.89613443,apple
107.855225,22.81212536,91.51861705,apple
102.8017203,21.12152071,90.6878768,apple
104.5086618,21.11478672,90.31528693,apple
107.1728191,23.59997268,90.97597665,apple
108.6211833,23.12652652,94.71203306,apple
122.1952483,22.98458907,93.3204487,apple
104.5412275,22.12659387,90.97818277,apple
101.8474768,22.53779727,91.48135786,apple
124.3915101,22.49095104,91.70292746,apple
116.7366261,22.35548159,94.47811755,apple
120.1593771,22.20700989,93.50574163,apple
107.1843273,22.44516988,94.73763514,apple
120.4359949,22.76643029,92.12438519,apple
112.3126628,22.19109412,90.02575116,apple
123.5900822,23.6119202,91.70293849,apple
105.0241329,23.86087054,94.92048112,apple
102.8045658,21.42177231,92.62665309,apple
124.9831618,22.36629253,90.78572467,apple
117.6102915,23.99686172,91.61001707,apple
120.0586671,21.80129837,92.73446667,apple
100.6192543,23.80436344,92.80441624,apple
121.8961665,23.71475278,91.53331177,apple
112.8954016,23.34467359,90.37981478,apple
113.0688155,22.31253665,90.03577124,apple
107.9868949,23.50201428,92.21083961,apple
111.7763395,23.46260321,91.45665004,apple
114.7399101,23.06204373,92.39544055,apple
124.2179699,22.47420512,91.22759742,apple
105.0508234,22.69780133,92.82223419,apple
105.4004751,23.66682067,93.90191078,apple
100.9343903,22.50050273,92.45878335,apple
109.5966791,23.83053666,90.84422164,apple
116.6912176,23.64142354,93.74461474,apple
118.3979065,21.41363812,92.99124545,apple
117.5314026,22.85267372,94.5764581,apple
109.5852253,22.98208095,93.84505029,apple
103.6838922,21.19909519,90.80819418,apple
103.0548094,23.87192332,90.49939035,apple
114.7412734,21.0365275,94.33919546,apple
116.9256766,22.61711614,93.51978375,apple
116.7036582,21.45278675,90.74531921,apple
109.3383552,22.81227579,92.12992101,apple
115.4789148,21.98141856,91.12719303,apple
115.3830068,22.52709326,92.54780429,apple
107.7697413,22.35628673,91.92360477,apple
105.8554351,21.19852186,92.15595143,apple
104.9116663,23.8812458,93.45067555,apple
122.1449949,22.78234161,94.36803516,apple
121.6622761,22.19055385,92.43764169,apple
118.6044645,22.91430043,90.70475565,apple
108.2166601,23.08950736,90.22507299,apple
121.6961761,21.72484506,92.83975602,apple
102.5565807,22.44307715,91.59234006,apple
122.5391946,21.1316077,91.95769858,apple
107.0289866,22.71750705,92.25479855,apple
117.6602827,23.75033085,92.88160462,apple
100.825956,23.76121837,93.661643,apple
112.9203223,22.13450646,94.67695747,apple
123.6495149,21.17089176,90.23730166,apple
118.6832725,22.36238282,91.15761594,apple
113.7759219,22.77856513,92.70124029,apple
113.9760462,21.22503442,90.09877774,apple
110.712841,23.15791104,90.34396882,apple
102.7230739,22.42776057,93.91722423,apple
116.7431319,23.64082979,90.95257927,apple
122.7418744,22.29423493,90.69033986,apple
113.0381382,23.35225078,90.90054697,apple
110.9804014,22.03911546,94.58075845,apple
119.6335548,23.80593812,92.48879468,apple
100.1173443,22.31944084,90.85174383,apple
120.6310784,22.14464104,93.82567435,apple
115.3611268,23.65167552,94.50528753,apple
124.4683112,22.16939473,90.27185592,apple
119.035002,15.78144173,92.51077745,orange
101.2847738,26.03097313,91.50819306,orange
111.2266885,13.36050601,91.35608208,orange
114.6659511,18.87957654,92.04304496,orange
111.1727497,29.47741671,91.57802915,orange
114.1339416,28.06903173,92.91487288,orange
112.5424199,25.66901098,92.04670813,orange
114.4161786,29.77149434,92.00719952,orange
106.0711985,30.55472573,90.90343769,orange
102.6958703,23.96147583,90.26408017,orange
118.4901697,23.98289638,91.5473145,orange
117.3695296,25.26052689,90.31153735,orange
109.6894658,31.08368929,90.14362642,orange
100.1961762,14.78003032,91.22062116,orange
116.3796525,26.56608303,94.45239715,orange
111.7803734,24.85903405,94.39000473,orange
103.5684926,34.51465139,93.63812684,orange
102.835632,24.12188673,90.72351622,orange
103.923226,23.85340379,90.10522549,orange
111.2948115,24.60297538,91.28408653,orange
101.4705704,15.63211033,94.25966183,orange
116.450422,19.33516809,91.97978938,orange
105.2132259,28.2620488,91.98317355,orange
110.3332655,22.67594476,93.36348717,orange
110.6823944,21.03200078,92.9641969,orange
115.7659902,33.23453301,91.06053924,orange
117.3688104,22.30318989,92.15987039,orange
115.5683776,11.50322938,94.8933184,orange
110.2223123,14.34320488,94.35734702,orange
119.1709113,33.1056981,93.48447453,orange
113.3302105,30.49183837,90.4582865,orange
116.7173125,30.25578031,92.03272799,orange
108.4161706,12.22816189,90.26457428,orange
119.3941064,10.01081312,90.22399223,orange
116.5084074,22.79196751,90.60901895,orange
116.8130969,20.18432263,90.65458473,orange
106.8118019,30.72119881,94.01331956,orange
119.6946577,24.35590861,92.39651663,orange
112.9834361,21.21306973,91.35349216,orange
117.5293447,10.78689755,91.38411917,orange
103.5771468,11.89925671,91.34663797,orange
109.8585753,22.56664172,93.37488907,orange
119.3936976,18.86883219,93.24688124,orange
112.7194284,17.34083741,93.04897191,orange
102.1906333,34.90665289,92.87820148,orange
115.9787989,24.53610067,91.90997228,orange
107.9873218,13.8377282,91.74780462,orange
101.5164589,22.3551049,93.52211892,orange
100.1967854,34.74004942,93.12316972,orange
108.8289171,11.54785707,94.14861001,orange
104.4224145,23.13338811,91.94670335,orange
115.3560318,29.98364695,94.55239717,orange
102.4550786,20.87947369,90.93756231,orange
112.5090516,17.24944623,91.13772765,orange
109.7571416,15.83388699,91.68293851,orange
112.6738296,23.01014302,91.11764246,orange
102.944161,16.39624284,92.18151927,orange
109.4711098,24.45132792,93.10527686,orange
105.3437825,31.87859192,91.15248149,orange
109.1549823,31.34920143,91.48247612,orange
111.7793889,18.05142392,90.03969587,orange
107.4142681,30.84835031,92.86773675,orange
118.0069295,22.45616931,91.52781832,orange
106.2944879,13.70319166,90.95589386,orange
111.8391951,20.48954522,93.72485075,orange
106.2696156,13.20844373,94.02769434,orange
117.6236473,32.31944397,93.67804556,orange
109.7513927,20.68185224,90.91510525,orange
113.1169398,31.52675982,90.50621806,orange
116.7555937,25.35467646,91.81183218,orange
110.6857506,17.66545409,91.69865887,orange
119.3916718,12.59093977,91.81668769,orange
106.060149,11.86631922,93.68394562,orange
112.7715925,11.03367937,92.22706805,orange
117.9733424,25.2990432,94.96419851,orange
104.7052254,32.23797837,90.15406807,orange
108.0638166,17.68408797,94.35815354,orange
106.6955204,10.2708877,90.19147747,orange
108.0054343,17.22034507,94.78797376,orange
100.1737964,19.667056,90.50096668,orange
101.1456947,10.35609594,93.75652041,orange
101.139435,27.255435,91.71369387,orange
115.5650287,34.5917846,92.13229786,orange
113.25373,32.39523995,94.51768464,orange
106.362551,10.16431299,91.22320999,orange
101.4819888,21.49118657,93.43949693,orange
110.0447896,16.53460397,94.76759975,orange
109.9455062,31.8520694,90.12220323,orange
117.1311498,28.04799508,90.00621688,orange
115.1989301,31.75048899,94.59551226,orange
100.7896871,29.07412717,93.27189064,orange
108.0230792,19.14381903,90.71037456,orange
107.4287664,16.14820285,91.4448027,orange
116.8020848,34.05296914,92.05811721,orange
118.3271968,34.51423957,90.56151463,orange
113.328978,32.71748548,90.54608254,orange
114.3117197,25.16296632,92.54736032,orange
113.9995146,27.68167318,94.47316879,orange
107.0862095,21.35093384,90.9492967,orange
103.2005992,11.69894639,93.25638873,orange
243.0745066,35.21462816,91.49725058,papaya
88.46607497,42.39413392,90.79028064,papaya
119.2653877,38.4191628,91.14220381,papaya
235.6133585,35.33294932,92.11508608,papaya
196.2408242,42.92325255,90.07600528,papaya
203.4044028,33.83508569,92.85470152,papaya
197.5282582,33.20258348,92.76437927,papaya
191.7760562,23.48546973,93.71043692,papaya
202.0572747,29.33710543,90.81781439,papaya
186.6762324,40.21199348,94.50766912,papaya
197.402901,42.13473976,91.70445386,papaya
47.271547,32.86316618,91.4618874,papaya
232.7046126,29.80744318,91.38048469,papaya
63.62250788,31.56213762,93.0484859,papaya
141.1736926,36.32268069,93.06134398,papaya
172.4788062,37.13165026,94.60761797,papaya
77.71566883,38.4418717,93.63739039,papaya
78.85085502,32.66160599,90.78931681,papaya
149.9107557,27.92765919,91.55594211,papaya
105.8841531,39.01793345,91.48815629,papaya
51.07048113,32.51247398,94.65904123,papaya
62.62377075,38.72382798,91.72514851,papaya
110.562229,43.30204933,92.83405443,papaya
238.5008779,27.58548913,90.72526502,papaya
132.7923586,40.78881819,92.90951393,papaya
206.3999208,23.19451074,91.40301608,papaya
248.8592986,32.68067385,92.61715632,papaya
127.2509777,34.28879307,93.61082872,papaya
120.9512466,39.30050027,94.16193416,papaya
122.7628653,39.73149053,91.12220596,papaya
64.4478499,39.23342464,91.25589286,papaya
40.35153141,27.34734861,94.17756725,papaya
209.8678411,40.76998685,92.09278584,papaya
59.49373381,26.26559543,90.79668055,papaya
117.8201907,28.12971499,93.3210737,papaya
98.54047745,34.2804607,90.55561637,papaya
182.026807,33.7960155,93.00754254,papaya
207.0735119,31.53243779,90.87394933,papaya
74.876786,42.30495821,90.51431779,papaya
218.2299187,24.63676897,90.61964344,papaya
179.2720807,28.28222883,91.37059792,papaya
183.49095,24.48620746,92.98254537,papaya
78.8099639,42.84609252,94.63548176,papaya
103.8235658,43.67549305,93.10887229,papaya
165.7412972,42.07213781,92.92203105,papaya
136.8277041,33.46873719,92.12746225,papaya
48.83810592,31.7018373,91.66232213,papaya
199.3096432,41.41968393,90.03863107,papaya
214.4103848,42.54744013,94.94482086,papaya
63.68794608,28.91842453,94.63676767,papaya
211.8529059,43.08022702,93.90305729,papaya
209.4083305,29.20300896,93.96834049,papaya
181.527598,41.04224355,91.37258067,papaya
97.26336657,25.62446619,93.18240298,papaya
163.9069365,35.32876402,91.06138506,papaya
63.35298768,24.42561272,92.27749066,papaya
54.01872359,31.18298415,90.21646909,papaya
79.27201575,31.88342554,91.3256535,papaya
246.3613268,42.93368602,91.1756748,papaya
231.5153161,23.11407669,94.31994776,papaya
135.1694525,24.87212063,93.90560147,papaya
114.778071,43.36051537,93.35191636,papaya
144.6656444,26.83054058,90.75379971,papaya
75.95295,30.42012134,93.12659793,papaya
115.8163936,28.64555584,93.22642604,papaya
71.73759526,32.50037548,93.47888842,papaya
41.5856585,43.03714283,94.6428898,papaya
75.24521981,30.10773379,90.34546355,papaya
87.53393983,23.69212243,93.61055571,papaya
141.3381168,35.67667332,93.30641944,papaya
82.83061083,27.71948962,94.43877142,papaya
149.8488208,35.26824831,92.38282957,papaya
161.6892093,23.16855863,90.78821158,papaya
88.1300769,33.08706051,92.25197542,papaya
172.3458448,37.4620912,90.44967809,papaya
218.142147,38.73218907,94.73613484,papaya
93.7942847,32.57720726,92.74889453,papaya
210.2735346,38.38231475,93.10378595,papaya
234.8466111,42.93605359,90.09448142,papaya
52.95477913,25.65492304,92.74501561,papaya
159.6577388,37.58899717,91.99740365,papaya
62.68710535,29.60718808,93.15642801,papaya
174.4012337,25.34756111,93.02871078,papaya
241.8202079,25.9300384,93.02357765,papaya
240.4795923,32.76795887,94.57377401,papaya
126.8069869,29.02328049,90.20396783,papaya
92.11877372,40.00439101,90.17015833,papaya
234.496633,33.32315744,91.25271223,papaya
46.44279118,31.22790131,94.94021378,papaya
62.50689682,26.68386496,92.9585411,papaya
108.4103158,24.70528368,90.14732171,papaya
218.0908814,38.2016825,93.97379963,papaya
104.4218596,36.56769731,93.79503425,papaya
240.6863901,26.05375792,93.69111672,papaya
54.77830202,31.29986342,92.76039164,papaya
149.1199989,40.10207731,94.35110201,papaya
102.2708231,38.58954491,91.58076549,papaya
239.7427554,41.31330062,91.1508798,papaya
188.5181422,37.03551903,91.79430166,papaya
208.3357976,23.0124018,91.07355541,papaya
224.5903664,26.7627493,92.86056895,coconut
224.3206759,25.61294367,94.3138837,coconut
151.0761899,28.130115,95.64807631,coconut
179.8248944,25.02887163,91.53720922,coconut
181.6942283,27.79797651,99.64573002,coconut
184.7624496,29.25902906,95.11294697,coconut
150.9502632,27.10134661,93.69979946,coconut
147.8888994,25.84726298,90.92669463,coconut
178.8116076,26.58580443,90.98617591,coconut
189.6711349,28.38503882,99.18843684,coconut
145.5414413,28.43647052,91.81320717,coconut
198.8234862,28.27298134,96.93649473,coconut
144.3331315,27.00648436,96.46168931,coconut
157.9171537,27.63551259,99.34854917,coconut
215.9195049,26.29644905,99.65809151,coconut
204.7206567,27.1326009,95.23797989,coconut
199.7936345,25.56567803,97.61361544,coconut
172.0540491,25.94951662,93.40548703,coconut
218.0055713,28.03380598,95.01630593,coconut
157.2388553,29.12859129,91.30924833,coconut
171.7575545,27.0828252,97.00155491,coconut
172.4813641,28.11321494,90.01734526,coconut
156.6732553,27.5136304,94.18955816,coconut
205.5463111,27.63834933,95.48763389,coconut
150.0500312,29.01256899,94.01014388,coconut
171.6262299,26.58413917,95.78923137,coconut
142.9403233,28.28905147,97.00396405,coconut
178.9635457,28.69164799,96.65248672,coconut
209.8453993,29.70931288,96.30484325,coconut
149.2433497,27.14865285,96.66355213,coconut
132.1491176,29.28725038,91.95614918,coconut
134.8419069,25.06871967,93.31410447,coconut
194.9022136,26.92449525,91.20106019,coconut
171.9457959,28.27804288,93.64761266,coconut
204.9603677,29.18032562,92.73041222,coconut
160.7306991,28.3575072,91.64509299,coconut
218.5241851,29.38072512,93.27565685,coconut
218.080385,25.39241091,98.08951196,coconut
208.1181381,26.31270635,98.62048026,coconut
194.3100272,29.52501367,91.91185319,coconut
145.4172387,28.83214859,92.17170353,coconut
160.389421,28.48444906,97.76865458,coconut
156.7650823,28.74013335,93.39676499,coconut
165.8092179,25.00872392,95.59224018,coconut
192.7678575,29.8690834,91.14723422,coconut
150.2012138,27.54273211,94.59086121,coconut
144.6261698,26.52166434,98.38227669,coconut
174.796583,25.03512351,95.89739958,coconut
211.2506267,29.20394909,95.66997327,coconut
224.7006953,27.05826457,91.10510371,coconut
135.4186222,26.18552389,96.96637916,coconut
162.8432736,27.59376845,92.48519606,coconut
131.2451414,25.76011662,94.65830608,coconut
145.0583117,28.87862994,95.11320315,coconut
199.8778403,26.50908611,94.48414544,coconut
214.4128874,26.87037587,91.72546257,coconut
145.9298935,27.57283516,94.90485697,coconut
171.6516396,28.05912437,98.3670985,coconut
131.2116167,29.51611558,92.56492864,coconut
222.803013,28.96318258,95.16333673,coconut
157.7592626,25.09897688,92.36099489,coconut
141.3220576,27.1872282,92.19906776,coconut
205.5720367,29.03065024,90.79093862,coconut
131.0900076,27.754298,95.94643831,coconut
201.8258633,27.31155708,99.96906006,coconut
224.4016682,28.84270971,99.64328526,coconut
191.006688,26.61423461,96.97300803,coconut
215.1968037,29.70143197,95.65754365,coconut
212.867626,25.54759871,91.64194826,coconut
167.0470997,26.37978453,91.49882979,coconut
142.1430003,27.45907759,92.90736493,coconut
147.1682459,27.02269204,95.71935435,coconut
148.8398374,28.98545306,90.73966792,coconut
134.1279669,26.1055118,91.52421214,coconut
192.9036306,25.0707247,95.02156793,coconut
191.2996157,25.54963273,96.92786777,coconut
134.8370348,28.56973521,95.67906668,coconut
143.533473,26.07010807,96.7036223,coconut
178.7297725,25.51791333,94.38420565,coconut
144.1571109,25.9490364,94.73860514,coconut
182.4482352,28.2974764,95.41122824,coconut
224.8315729,29.56549169,91.40896307,coconut
148.3003692,29.69952329,95.21224392,coconut
195.4115025,26.14162144,93.28415295,coconut
209.540094,26.00175125,94.79998418,coconut
164.9182225,27.15116142,91.48889469,coconut
213.9011021,28.97318719,98.09861043,coconut
131.3387935,26.13958446,96.38580769,coconut
135.1272491,25.51618488,94.33465411,coconut
174.6256481,27.55821802,99.98187601,coconut
154.0621221,27.81132822,97.48410555,coconut
165.8248732,25.60033702,99.7240104,coconut
225.6323656,26.91641934,99.84671638,coconut
188.9252083,29.1797902,90.27214288,coconut
221.2258168,26.44600063,98.29937782,coconut
203.9283708,28.43572863,95.8840407,coconut
191.7723087,28.94099669,93.00109012,coconut
149.2220255,26.45488737,93.45042636,coconut
152.4238712,25.79490531,93.84150618,coconut
166.5712879,26.93141945,98.80313612,coconut
90.8022356,24.40228894,79.19732001,cotton
71.29581071,23.09595631,84.86275707,cotton
90.75616738,23.9656349,76.97696717,cotton
89.76050416,24.88738107,75.62137159,cotton
88.43618918,25.36243778,83.63276077,cotton
78.58494391,24.69457084,81.7358876,cotton
96.32600992,25.0017188,80.53965818,cotton
64.23026638,22.45942937,81.30681027,cotton
72.49800885,23.60564038,79.29573149,cotton
71.94608134,24.58453146,79.12404171,cotton
71.84080724,23.0865933,83.55546146,cotton
79.81328183,23.5000992,83.63488952,cotton
69.91563467,24.1472953,75.88298598,cotton
89.799462,24.69315538,84.84422454,cotton
90.94342484,24.484692,84.44932014,cotton
64.02949379,24.49112609,82.24415809,cotton
86.76287924,23.47986888,81.73049149,cotton
69.08056728,24.18586246,76.04203958,cotton
86.06411872,25.00755095,78.17952126,cotton
89.1188212,25.99237426,77.0543546,cotton
99.36898373,23.66457347,81.69105088,cotton
78.59595817,25.66891439,81.38103349,cotton
86.00758678,22.04612876,84.62978302,cotton
93.46595573,22.4204752,84.55794703,cotton
95.0191318,25.03149561,82.21276599,cotton
87.54004943,23.53371386,77.21705554,cotton
81.49543437,22.77076388,82.5993307,cotton
67.05961949,25.49848236,79.9751579,cotton
86.55517751,25.248679,83.4630147,cotton
64.61444234,22.78249615,77.51235009,cotton
71.67870701,23.37044424,77.43198948,cotton
79.56866268,24.86560781,78.22080815,cotton
80.36146974,24.14386157,84.51591287,cotton
97.10087029,25.03300222,79.04368718,cotton
88.54479121,23.65724079,84.47601498,cotton
88.94245493,25.54359718,84.09229796,cotton
90.42224164,22.00085141,79.47270984,cotton
80.96157332,23.64328417,78.1258666,cotton
84.63148859,23.96436009,78.02763149,cotton
61.82980133,24.65425757,75.6350708,cotton
65.0247867,24.3017998,84.87668973,cotton
90.41694635,24.29144926,81.02453404,cotton
81.05902285,24.29470232,84.61527627,cotton
99.93100821,25.72180042,81.19666206,cotton
91.9223468,24.87663664,76.30050373,cotton
75.13617229,22.60612115,77.34264002,cotton
90.4547185,23.86814008,75.68339729,cotton
78.82199603,23.41022496,76.43836957,cotton
80.03995829,24.96440768,81.31677618,cotton
84.62419032,25.16820129,80.30351815,cotton
77.55176318,22.72767171,77.07598065,cotton
86.84998693,22.45145981,76.25674874,cotton
70.65644296,23.04920461,75.53835214,cotton
62.64174227,25.29250148,75.66653335,cotton
66.48339303,22.95604064,82.33733678,cotton
91.6389565,22.80213132,84.14668447,cotton
84.12536744,23.54234715,75.98203329,cotton
98.60457373,24.41212325,80.80343786,cotton
67.08022574,22.94276687,75.37170612,cotton
95.4262599,25.53676123,81.13668716,cotton
83.46532547,25.32023717,81.79475917,cotton
65.54475812,22.426733,81.53480799,cotton
91.39578861,25.78544484,75.00539324,cotton
66.19426787,25.68959532,77.90621048,cotton
60.65381719,22.14593688,82.8597549,cotton
93.51042684,25.07278712,82.50257909,cotton
70.40557612,22.21506982,76.17851932,cotton
76.13090645,23.9643129,76.59175937,cotton
62.5138867,25.40059227,76.53237965,cotton
66.26555904,23.7805123,83.03878838,cotton
61.94626051,24.16402322,76.7433897,cotton
72.82902109,25.31468463,77.91757121,cotton
88.57395505,22.60361557,80.3509046,cotton
99.75336197,22.9535715,78.71555832,cotton
90.07326633,22.74446976,80.41198458,cotton
70.97358303,23.80834611,83.91902605,cotton
76.88582484,25.46228792,81.56641891,cotton
74.14169043,25.96779712,81.97904282,cotton
99.39557151,25.5308271,80.04662756,cotton
60.79645852,24.43847399,81.69801729,cotton
90.64770699,23.03887865,76.47039772,cotton
80.11272117,23.51308653,76.72621429,cotton
97.76600619,22.75805656,76.75768356,cotton
85.24963302,24.71252544,77.7293114,cotton
93.50153555,23.45969093,82.44777468,cotton
78.58488484,25.5503704,77.85055621,cotton
67.06459777,22.08458267,82.82904143,cotton
69.31153566,24.68854799,78.51206972,cotton
77.03421249,25.84997269,84.16855231,cotton
71.85436078,22.46054478,75.40989245,cotton
74.8984994,23.65629976,77.52425987,cotton
92.23645249,22.00817088,81.83896111,cotton
69.45072055,24.32630461,80.13456404,cotton
92.91915074,22.92360984,82.68738535,cotton
81.15072105,23.43821725,78.63388824,cotton
74.94136567,22.10718988,78.58320116,cotton
91.49697481,23.03814028,76.11021529,cotton
63.88079866,24.54795322,75.39752705,cotton
76.63669195,23.73868041,75.77503808,cotton
65.35747011,22.31871914,83.86129998,cotton
151.8869972,25.52468965,72.24850829,jute
161.2469997,26.59104992,82.94164078,jute
196.6249511,25.29781791,86.8870535,jute
175.6086697,25.72100868,88.16513579,jute
190.4242157,23.58419277,72.00460848,jute
190.5577618,25.31042337,72.01364411,jute
185.7446728,23.41798979,85.08640476,jute
169.1168028,24.35564134,88.80391021,jute
182.2685447,26.284017,75.14640198,jute
169.3388465,25.13842773,83.12053888,jute
150.2498675,24.88692811,71.91711523,jute
189.4263485,25.75734909,88.36668522,jute
199.8362913,23.12844351,74.68322732,jute
151.4935635,24.9949957,88.95692783,jute
195.8645552,25.21622704,70.88259632,jute
164.2697011,24.39736241,79.26861738,jute
164.4970373,23.31410442,71.4509053,jute
191.9649389,25.72668885,81.86171563,jute
169.8391177,26.96656378,78.21047693,jute
181.2783964,23.70467146,74.63745355,jute
153.8990984,24.90075709,73.84186449,jute
174.7876411,23.39605743,72.60512854,jute
173.1017097,26.8748389,79.78725152,jute
151.9035477,23.1426498,74.99739774,jute
184.9800516,24.29496635,77.62976013,jute
197.1220049,24.39459498,89.89106506,jute
174.5071843,25.7629429,80.76238215,jute
168.7848886,25.4879684,84.48235878,jute
183.8270791,25.37122686,76.2403666,jute
180.1237765,26.21312799,81.70476368,jute
186.2337571,24.30748599,78.54340987,jute
150.3166152,23.76554749,87.98329901,jute
162.2847429,24.79853023,78.53037059,jute
199.4766779,23.20683504,74.09956958,jute
184.4633281,23.66805429,70.89000744,jute
159.5718087,25.12417673,85.72530641,jute
167.7230632,23.89069041,83.46409075,jute
196.6587013,23.09433785,81.45139295,jute
166.1365886,24.21744605,82.85284045,jute
153.6390212,24.06475727,71.31342851,jute
175.572958,24.85441411,74.4407048,jute
197.2101782,26.41915161,76.85691248,jute
196.469984,24.89326318,77.01222585,jute
166.2160846,23.25583402,82.7015932,jute
179.1630865,24.7634518,87.06071115,jute
166.6415254,24.97042599,78.62697699,jute
150.6326874,26.12797248,80.49172597,jute
163.3488091,25.97825807,81.65769588,jute
186.6898282,26.2830571,73.35763537,jute
176.1516409,26.38905406,83.31240346,jute
168.0432282,25.2746335,73.7459581,jute
155.3851533,23.09499564,78.45959697,jute
193.2418382,25.79351957,81.76904006,jute
160.6217342,23.17403323,87.88255345,jute
182.2582277,25.63215038,79.95150917,jute
152.6194403,25.848795,87.81661683,jute
181.2915605,26.56767277,80.90424543,jute
189.9711184,26.24532085,72.97198375,jute
177.2233048,26.91515043,73.19897535,jute
159.9210934,24.36972377,82.11319791,jute
187.1735424,25.71901283,79.15532398,jute
169.4168014,25.01157559,88.3313023,jute
188.6372826,25.40785911,76.44048625,jute
153.7447398,23.28081,74.27607475,jute
167.0576456,23.98651719,82.09053379,jute
192.2316221,24.48556447,83.20630007,jute
154.8390847,25.86705009,84.09985284,jute
185.25947,23.5643831,79.46283115,jute
192.4931257,24.2248758,74.89465426,jute
176.5268267,25.49386782,86.97061481,jute
195.7571622,24.97178693,79.47557931,jute
156.3616174,24.80624984,82.09281674,jute
157.1215052,23.16814977,76.66724969,jute
175.1742112,24.25133493,89.86454053,jute
154.8238864,26.58361011,78.00774772,jute
153.9199807,26.82489244,78.20392774,jute
169.9288234,25.49674786,81.13449097,jute
176.8604109,24.09874353,80.57226761,jute
176.103677,23.18866654,86.20899734,jute
183.4065252,26.24347471,78.51063754,jute
160.0889553,23.75091572,71.14782585,jute
171.4892533,26.13871511,79.1188943,jute
193.1007598,26.14576648,71.23690851,jute
171.4716375,26.91643698,73.48655995,jute
157.8548562,26.5232969,77.17331847,jute
190.312216,23.81579631,80.94023552,jute
152.9801697,26.50838667,86.84264005,jute
199.3355744,26.63952463,70.95705996,jute
187.3096148,23.3250131,79.79609448,jute
180.2513601,26.47549543,73.96164569,jute
172.6442654,23.78756036,74.36794079,jute
193.7141828,25.49941707,75.99987588,jute
184.7674863,23.24925555,73.65346838,jute
193.8778713,26.98582182,89.05587886,jute
150.2355238,23.61475336,86.14290267,jute
177.5147313,23.87484465,86.79261344,jute
154.6608736,23.92887902,88.07112278,jute
190.7886386,24.81441246,81.68688879,jute
190.9684885,24.44743944,82.286484,jute
159.3223075,26.57421679,73.81994896,jute
191.6549412,26.33377983,57.36469955,coffee
144.6861336,26.45288458,55.32222678,coffee
136.7325092,25.70822684,52.88667115,coffee
147.2757818,24.12832546,56.18107663,coffee
122.2103248,23.44372334,60.39523266,coffee
139.3670753,23.4123707,52.26994674,coffee
164.4971875,23.05951896,50.40609436,coffee
129.8765443,23.07895447,63.65861483,coffee
122.8392822,27.6496114,51.11044023,coffee
171.3764462,25.46743689,69.35161206,coffee
140.6305213,26.7350622,55.55164819,coffee
189.0944824,26.20811417,52.50987966,coffee
165.6872119,27.0424167,57.27927475,coffee
135.1386537,24.65090184,51.93952357,coffee
148.9812525,27.35152643,55.99375012,coffee
135.0119649,25.17787724,62.26244581,coffee
161.8944624,23.11438731,68.00096043,coffee
175.7260273,27.22783677,52.95261751,coffee
194.1755471,23.26316991,60.5160021,coffee
124.2261737,25.234661,57.53161469,coffee
195.7733251,25.59535262,57.72920846,coffee
190.2257843,25.5674832,60.49244602,coffee
196.2736367,25.67324193,51.29043632,coffee
148.6977358,24.40726724,62.65692638,coffee
144.6576424,23.69287069,66.76090123,coffee
180.5059257,24.53460016,66.99765375,coffee
192.4280381,27.13140403,52.89368299,coffee
167.4358075,27.56088634,68.49299897,coffee
191.3980675,23.59302313,55.27564977,coffee
117.3113562,23.17714381,52.13864034,coffee
197.6439711,24.71384065,51.29142534,coffee
119.6324109,24.38534644,64.72543073,coffee
126.1752206,27.15998538,51.59100753,coffee
120.6494434,26.53543168,67.09608099,coffee
191.4508931,27.01207284,60.76645256,coffee
117.9389993,27.55906475,58.45742907,coffee
168.2644287,23.32293161,53.00366334,coffee
115.1564012,24.23850608,54.30329632,coffee
122.6847408,23.42611644,64.10651528,coffee
176.9020924,26.02241444,55.83288958,coffee
124.4135035,24.83846178,56.7685316,coffee
148.3771202,26.24092174,65.64381357,coffee
181.6368274,24.43011925,66.02411187,coffee
153.477776,26.00373964,62.1445102,coffee
193.7461968,26.22367404,62.26594559,coffee
190.2440566,27.09617155,63.55324262,coffee
199.4735636,25.64004392,61.03273481,coffee
139.8619431,27.74576987,54.36976075,coffee
133.1120232,26.24928198,54.28617819,coffee
156.1543898,26.67377159,52.24226285,coffee
139.5013171,27.10210397,55.7497332,coffee
196.6492664,27.62975458,61.26002598,coffee
130.6377143,27.5364547,55.51673151,coffee
130.3797119,23.56960509,50.56339727,coffee
192.8736822,24.99451759,57.93250202,coffee
177.816092,27.56441788,54.41094079,coffee
161.5279095,23.98143338,61.10935084,coffee
122.4073418,24.22984659,67.37768353,coffee
168.8383605,25.60153969,68.66257977,coffee
184.4103931,24.31274458,53.57285558,coffee
177.3176161,26.36629861,52.25738495,coffee
152.0616227,26.5602777,57.1621814,coffee
121.5586297,26.35034208,58.50650238,coffee
156.1457255,25.20406808,57.88370456,coffee
171.6976946,23.35723208,55.18792166,coffee
185.1568059,23.60567546,59.68849145,coffee
163.2708732,24.18471151,69.94807345,coffee
175.3723314,26.44414097,53.83876189,coffee
147.8035305,26.12492233,63.37479229,coffee
192.7121236,27.77363343,64.47858698,coffee
193.5866233,25.55656667,62.67087838,coffee
115.2325531,27.92374437,67.96910852,coffee
161.3432535,26.05968403,52.31098539,coffee
163.6269496,26.35770906,64.57578034,coffee
129.5481144,24.91370487,54.15319242,coffee
192.4288139,27.31317116,68.4233391,coffee
136.3027766,26.1387869,52.26311691,coffee
162.5769606,23.1069385,67.06230539,coffee
171.8839938,23.52648086,68.44030686,coffee
194.8773479,25.11711046,68.48030408,coffee
134.6803969,24.02952505,58.84880599,coffee
158.8608887,26.70897548,69.71184111,coffee
126.8073984,26.71717393,50.50148528,coffee
137.7044047,24.59245684,56.46829641,coffee
143.9955548,27.51006055,50.66687215,coffee
156.6810374,27.57847581,58.52534263,coffee
145.105065,26.65069302,57.56695719,coffee
142.8610793,26.97251562,62.0183627,coffee
153.1201644,23.17124551,52.97841162,coffee
186.1728203,23.52652084,65.44340921,coffee
141.4831644,27.30901814,55.196224,coffee
181.4170812,27.54823036,62.88179198,coffee
188.5506536,25.627355,57.04151119,coffee
183.468585,23.29250318,50.04557009,coffee
166.2549307,24.91461008,53.74144743,coffee
177.7745075,26.77463708,66.4132686,coffee
127.92461,27.41711238,56.63636248,coffee
173.3228386,24.13179691,67.22512329,coffee
127.1752928,26.2724184,52.12739421,coffee
140.9370415,23.60301571,60.39647474,coffee
